TransactionID,TransactionDT,TransactionAmt,ProductCD,card1,card2,card3,card4,card5,card6,addr1,addr2,dist1,dist2,P_emaildomain,R_emaildomain,risk_score,C1,C2,C3,C4,C5,C6,C7,C8,C9,C10,C11,C12,C13,C14,D1,D2,D3,D4,D5,D6,D7,D8,D9,D10,D11,D12,D13,D14,D15,M1,M2,M3,M4,M5,M6,M7,M8,M9
3000001,381648,113.06,S,4648,248,150,amex,248,debit,204,87,10,,aol.com,,0.186,2,4,3,3,2,2,3,1,1,4,1,3,3,3,-32,0,30,7,14,0,7,0,14,2,,30,14,,2,T,F,T,T,F,T,T,T,T
3000002,7132619,81.81,R,15857,457,150,mastercard,257,credit,299,87,10,,hotmail.com,,0.193,1,2,1,3,4,3,1,2,3,2,4,4,4,2,50,1,1,30,14,14,2,30,14,7,14,7,2,1,1,T,T,F,T,T,T,T,T,T
3000003,9604771,78.08,S,2543,143,150,amex,243,credit,204,87,10,,outlook.com,,0.247,1,3,4,2,4,1,3,2,1,3,2,2,3,2,96,,14,0,14,2,7,0,0,2,,,2,1,0,T,T,T,T,T,F,T,T,T
3000004,1014099,330.09,S,3580,180,150,amex,280,credit,299,87,10,,yahoo.com,,0.303,3,4,4,1,2,2,1,3,1,2,2,1,1,1,-48,0,0,,2,0,14,1,2,30,7,1,14,1,30,T,T,T,T,T,T,T,T,T
3000005,2826793,326.85,H,16488,588,150,mastercard,288,debit,330,87,10,,outlook.com,,0.17,4,2,4,2,3,4,2,1,4,1,1,1,1,2,3,7,7,7,1,,7,0,1,7,0,7,2,,,T,T,F,T,T,F,T,T,F
3000006,1752890,132.75,W,16947,547,150,mastercard,247,credit,204,87,10,,hotmail.com,,0.2,1,2,1,1,4,3,3,2,3,2,3,4,2,3,-39,2,,0,0,7,14,14,0,0,14,1,14,2,1,F,T,T,T,T,T,F,T,T
3000007,9795218,160.42,R,3254,354,150,amex,254,debit,204,87,10,,aol.com,,0.275,3,4,3,1,1,4,3,1,1,3,2,3,2,4,104,30,7,14,0,0,0,30,1,14,0,,2,14,14,T,T,T,T,F,F,T,T,T
3000008,3503795,361.61,W,2370,470,150,mastercard,270,debit,330,87,10,,yahoo.com,,0.34,4,1,2,3,4,2,3,2,1,4,1,4,2,2,-15,7,2,2,,,,1,1,0,30,1,7,2,2,T,T,T,T,T,T,T,T,T
3000009,446208,246.7,H,9698,298,150,mastercard,298,credit,204,87,10,,outlook.com,,0.031,4,1,3,3,1,3,3,4,3,4,3,2,2,4,-22,7,30,30,1,14,14,2,7,14,,0,2,2,1,T,T,F,T,T,T,T,T,T
3000010,5241905,188.02,C,11559,159,150,mastercard,259,debit,191,87,10,,yahoo.com,,0.324,1,2,4,1,4,4,2,4,4,4,2,2,1,1,9,7,1,1,,30,14,7,0,14,1,,0,7,1,T,T,T,T,F,T,T,T,T
3000011,8438808,252.81,S,11397,497,150,visa,297,credit,191,87,10,,yahoo.com,,0.123,2,3,3,3,1,2,2,2,4,2,2,1,4,4,61,14,7,7,0,1,,7,7,,14,30,0,,,T,T,T,T,T,T,T,T,T
3000012,4013539,306.32,H,1193,293,150,visa,293,credit,299,87,10,,outlook.com,,0.01,1,1,4,2,4,2,1,3,4,3,2,4,3,3,32,7,2,,,7,2,,0,7,0,30,14,0,2,T,T,F,T,T,T,T,T,T
3000013,8384867,380.85,C,2319,419,150,mastercard,219,credit,299,87,10,,yahoo.com,,0.158,1,1,3,4,4,2,1,2,1,3,1,1,3,4,40,2,0,14,30,2,0,,7,,7,0,7,2,30,T,F,T,T,T,T,T,T,T
3000014,4861486,298.84,R,6013,113,150,discover,213,credit,191,87,10,,outlook.com,,0.173,1,4,3,2,4,2,3,3,3,3,3,1,2,1,51,30,7,7,14,,1,30,7,30,30,7,7,,0,T,T,T,T,T,F,T,T,T
3000015,7721490,136.36,S,14251,351,150,mastercard,251,debit,330,87,10,,outlook.com,,0.032,2,4,3,3,1,2,3,2,3,2,3,1,2,3,59,0,14,2,30,1,30,,,7,0,,0,14,2,T,T,T,T,T,T,T,T,T
3000016,2080334,115.94,H,12164,264,150,discover,264,debit,204,87,10,,gmail.com,,0.083,4,4,4,3,4,3,1,1,2,2,3,1,2,2,6,14,0,1,0,7,7,30,14,7,2,0,1,2,30,T,F,T,F,T,T,T,T,F
3000017,894595,371.09,C,15877,477,150,amex,277,credit,191,87,10,,gmail.com,,0.19,1,4,3,4,3,4,4,1,1,4,3,3,1,1,-1,30,,,14,14,0,,30,,2,14,0,,,T,T,T,T,F,T,T,T,T
3000018,10231658,88.97,S,15490,590,150,discover,290,debit,191,87,10,,outlook.com,,0.013,4,1,3,3,3,1,4,1,4,4,1,2,3,4,80,7,,0,1,2,14,1,2,7,30,7,0,0,30,T,T,T,T,F,T,T,T,T
3000019,3528199,25.2,W,6189,289,150,mastercard,289,credit,191,87,10,,gmail.com,,0.078,2,2,1,3,4,3,3,1,3,3,4,2,4,4,-14,2,14,,14,7,7,2,,1,30,1,14,7,1,T,T,T,T,T,T,T,T,T
3000020,3604393,287.99,H,2430,530,150,mastercard,230,credit,191,87,10,,yahoo.com,,0.197,2,1,4,3,3,4,1,3,4,3,4,1,1,2,-3,30,2,1,30,0,7,0,,30,30,,0,7,1,T,F,T,T,T,T,T,T,T
3000021,560916,322.53,C,1948,548,150,mastercard,248,credit,299,87,10,,aol.com,,0.119,3,4,3,1,4,3,2,1,4,3,3,4,3,4,5,2,1,7,,7,0,1,7,14,2,14,2,30,2,T,T,T,T,T,T,T,T,T
3000022,3111461,235.05,W,13969,569,150,mastercard,269,debit,191,87,10,,hotmail.com,,0.262,1,3,4,1,3,2,1,3,3,4,2,2,2,3,7,14,2,,1,2,,7,,2,30,,2,,0,T,T,T,T,T,T,T,T,T
3000023,8410371,346.85,S,5612,212,150,visa,212,debit,330,87,10,,gmail.com,,0.096,4,1,3,2,1,4,3,4,1,2,1,1,3,4,51,0,1,14,1,7,7,2,30,30,30,14,7,14,30,T,F,T,T,T,T,T,T,T
3000024,2725937,57.75,R,15571,171,150,amex,271,debit,330,87,10,,gmail.com,,0.181,2,2,1,2,2,2,3,2,1,3,2,2,3,2,28,30,,0,1,0,2,,,1,14,2,0,1,2,T,T,T,T,T,T,T,T,F
3000025,8207963,218.15,W,2420,520,150,amex,220,credit,191,87,10,,outlook.com,,0.149,3,4,4,1,1,2,4,4,2,4,3,4,4,4,89,0,2,7,2,30,2,2,1,30,7,0,0,,0,T,F,T,T,T,T,T,T,T
3000026,9002654,231.42,S,13210,310,150,mastercard,210,debit,330,87,10,,gmail.com,,0.231,4,2,1,3,3,1,3,2,4,1,3,1,2,3,64,,2,2,2,0,1,,1,14,30,7,0,1,30,T,T,T,T,T,F,T,T,F
3000027,8363931,101.75,R,4006,106,150,discover,206,credit,330,87,10,,hotmail.com,,0.054,4,3,2,1,3,4,1,3,4,3,1,2,4,1,85,1,2,1,,1,,2,2,2,0,0,7,30,7,T,T,F,F,T,T,T,T,T
3000028,10205405,347.6,S,16065,165,150,amex,265,debit,191,87,10,,aol.com,,0.203,4,1,2,4,4,1,4,3,3,2,3,2,1,1,106,14,1,,2,2,30,,30,,1,1,0,1,2,T,T,T,T,T,T,T,T,T
3000029,4933750,198.19,S,5946,546,150,discover,246,credit,204,87,10,,hotmail.com,,0.005,1,4,2,3,4,2,1,4,1,3,1,2,1,2,19,7,7,14,14,14,1,2,2,2,7,7,,2,30,T,T,T,F,T,F,T,T,T
3000030,10241051,137.89,H,5634,234,150,visa,234,credit,299,87,10,,aol.com,,0.007,3,1,3,3,2,2,3,4,2,2,2,2,1,3,80,,0,14,,14,,30,14,0,30,2,,14,1,T,F,T,T,T,T,T,T,T
3000031,2155485,327.44,H,6316,416,150,mastercard,216,credit,330,87,10,,yahoo.com,,0.215,4,4,3,4,4,2,2,2,3,1,4,3,1,1,-35,0,,1,2,7,14,1,,7,0,1,,7,2,T,T,T,T,T,T,T,T,T
3000032,9416391,147.41,C,4246,346,150,mastercard,246,credit,299,87,10,,gmail.com,,0.261,1,3,2,3,1,1,2,4,4,1,1,4,1,2,85,1,2,7,0,14,2,1,14,7,1,30,30,0,14,T,T,T,T,T,T,F,F,T
3000033,2764527,258.74,R,12298,398,150,discover,298,debit,299,87,10,,gmail.com,,0.176,3,2,1,2,1,3,3,4,4,3,1,2,3,3,10,,0,,30,2,2,0,,2,7,7,30,7,7,T,T,T,T,T,T,T,T,T
3000034,7754811,159.59,S,17259,359,150,discover,259,debit,330,87,10,,gmail.com,,0.044,4,3,4,1,3,4,3,1,1,4,3,2,1,2,87,14,30,,7,0,1,0,1,,30,2,2,7,14,T,F,T,T,T,T,F,T,T
3000035,4195960,188.7,R,15743,343,150,discover,243,debit,191,87,10,,hotmail.com,,0.208,3,4,2,1,2,1,4,2,4,1,3,3,1,3,40,,1,30,30,30,30,1,,2,14,1,0,1,,T,T,F,T,T,T,T,T,T
3000036,8011539,219.76,H,14046,146,150,mastercard,246,credit,204,87,10,,yahoo.com,,0.18,1,1,2,3,2,2,3,2,3,3,1,3,2,3,46,30,2,14,14,0,14,30,1,14,14,1,1,30,14,T,T,T,T,T,T,T,T,T
3000037,9405074,35.65,S,12063,163,150,discover,263,credit,330,87,10,,yahoo.com,,0.182,4,1,1,2,4,4,4,4,2,3,2,3,3,3,102,1,,2,14,14,0,2,1,7,0,2,7,1,1,T,T,T,T,T,T,T,T,T
3000038,5763586,209.53,R,17327,427,150,discover,227,credit,191,87,10,,gmail.com,,0.113,1,1,4,2,3,3,4,3,1,4,1,2,3,3,43,7,14,7,,14,2,,14,30,14,0,1,0,7,F,T,T,T,T,F,T,T,T
3000039,6268720,306.89,S,12111,211,150,discover,211,credit,204,87,10,,gmail.com,,0.195,3,4,3,4,1,3,3,1,4,3,1,4,3,2,57,0,14,7,1,14,30,30,14,,,7,1,,30,F,T,T,T,T,T,T,T,T
3000040,7880498,217.1,S,3040,140,150,amex,240,credit,330,87,10,,outlook.com,,0.286,2,2,3,3,2,3,3,2,4,3,4,3,3,3,86,14,30,14,7,7,,2,,,1,2,0,2,30,T,T,T,T,T,T,T,T,T
3000041,7291212,303.99,R,15495,595,150,discover,295,debit,330,87,10,,yahoo.com,,0.201,2,1,2,4,4,4,2,3,3,3,1,1,2,1,65,7,,1,0,,7,,7,1,30,,2,0,0,F,T,T,F,T,T,T,F,T
3000042,10325514,128.13,S,4516,116,150,amex,216,debit,191,87,10,,yahoo.com,,0.369,2,4,4,3,1,4,1,2,2,4,3,2,1,3,104,1,7,,2,2,2,14,30,14,0,2,30,2,30,T,T,T,F,T,T,T,T,T
3000043,2523107,201.71,R,8236,336,150,amex,236,debit,191,87,10,,aol.com,,0.196,1,1,2,2,2,3,4,1,2,4,1,4,1,4,-23,14,7,7,14,0,14,7,30,,2,30,0,7,2,T,T,T,T,T,T,T,T,T
3000044,3250391,88.39,C,2039,139,150,amex,239,debit,191,87,10,,hotmail.com,,0.25,2,4,2,2,1,1,3,4,4,4,2,2,4,3,33,2,1,30,,0,0,,30,7,14,,0,1,1,T,T,T,T,T,T,T,T,T
3000045,6076477,306.67,R,8678,278,150,visa,278,debit,299,87,10,,aol.com,,0.161,4,4,1,3,4,3,4,4,2,3,4,2,4,2,46,1,2,,30,1,,7,0,14,7,7,14,14,1,T,T,T,T,T,T,T,T,T
3000046,3799965,50.05,H,7662,262,150,mastercard,262,credit,330,87,10,,gmail.com,,0.085,2,3,3,1,2,2,1,4,2,2,4,2,3,3,-5,7,14,30,2,2,2,2,14,7,7,0,,30,7,T,T,F,T,T,F,F,T,T
3000047,4188215,177.29,C,7656,256,150,amex,256,credit,204,87,10,,hotmail.com,,0.072,4,4,4,2,3,2,2,4,2,1,1,1,1,1,8,1,,30,1,0,30,1,0,1,14,7,2,0,14,T,T,T,T,T,T,T,T,T
3000048,7407944,25.98,S,16833,433,150,visa,233,debit,191,87,10,,gmail.com,,0.118,2,2,3,3,3,4,1,3,4,4,2,2,3,1,75,,30,,0,0,7,7,7,14,7,0,30,0,30,F,T,T,T,T,T,T,T,T
3000049,10291344,280.08,W,2525,125,150,discover,225,credit,299,87,10,,hotmail.com,,0.122,4,2,1,3,1,1,4,2,1,3,4,3,1,3,80,7,7,1,2,14,7,7,1,30,14,30,7,0,,F,T,T,T,T,T,T,T,T
3000050,7958434,51.17,C,9075,175,150,discover,275,credit,191,87,10,,yahoo.com,,0.297,1,1,1,3,1,3,4,1,3,4,4,1,2,2,62,7,1,1,2,2,2,7,1,0,1,7,2,7,2,T,T,F,F,T,T,T,T,T
3000051,2883521,293.94,H,12833,433,150,mastercard,233,credit,204,87,10,,yahoo.com,,0.016,3,2,4,3,2,4,3,3,4,2,3,4,3,4,5,0,14,1,14,14,1,30,,14,0,30,7,30,1,T,T,T,T,T,T,T,T,T
3000052,9125627,275.73,C,3266,366,150,discover,266,debit,330,87,10,,yahoo.com,,0.154,3,1,1,2,3,2,1,4,3,4,1,1,1,3,68,14,30,14,14,14,30,14,1,7,2,7,7,,30,T,T,T,T,T,T,T,T,T
3000053,3891219,203.45,W,5939,539,150,visa,239,debit,204,87,10,,yahoo.com,,0.074,1,3,1,2,2,2,2,3,4,4,2,4,2,2,32,30,7,7,0,30,14,1,7,14,7,7,0,30,1,T,T,T,T,T,F,T,T,F
3000054,6406936,323.81,S,3050,150,150,amex,250,credit,299,87,10,,hotmail.com,,0.409,4,2,3,1,2,3,1,2,3,1,2,3,2,4,43,14,1,14,7,7,1,7,30,14,30,30,1,14,1,T,T,T,T,T,T,T,T,T
3000055,3601513,255.38,H,7130,230,150,visa,230,debit,299,87,10,,yahoo.com,,0.346,3,1,3,2,3,2,4,4,1,1,3,3,1,4,-14,1,7,0,30,,30,,1,2,,0,7,2,2,T,T,T,T,T,T,T,T,F
3000056,9605786,314.74,C,15387,487,150,amex,287,debit,299,87,10,,aol.com,,0.071,3,3,3,3,1,2,4,1,3,2,2,2,2,3,107,1,,,30,7,7,1,14,30,2,30,7,7,7,T,T,T,T,T,T,T,T,T
3000057,4560382,304.92,H,4050,150,150,discover,250,debit,191,87,10,,hotmail.com,,0.066,4,2,4,3,3,3,3,2,4,3,1,1,1,4,-7,0,,1,7,7,0,7,1,30,1,30,2,1,,T,T,T,F,T,T,T,T,T
3000058,7304842,115.15,R,4058,158,150,mastercard,258,credit,299,87,10,,gmail.com,,0.081,1,1,3,1,4,2,4,1,2,4,1,1,1,3,84,2,1,7,,,,,1,30,30,1,0,14,14,T,T,T,T,T,T,F,T,T
3000059,4970830,294.52,H,6377,477,150,visa,277,debit,191,87,10,,yahoo.com,,0.102,3,1,3,2,2,4,3,1,2,4,4,1,2,4,14,14,0,14,0,2,2,1,7,,,14,7,2,14,F,F,T,T,T,T,T,T,T
3000060,3279188,290.8,H,17600,200,150,discover,200,debit,191,87,10,,outlook.com,,0.1,3,4,2,1,2,1,4,1,4,1,3,2,1,1,29,1,30,0,1,7,2,14,14,,,30,2,1,2,F,T,T,T,T,T,T,T,T
3000061,8137073,313.14,R,9806,406,150,visa,206,debit,204,87,10,,hotmail.com,,0.364,2,1,1,1,2,1,4,3,4,2,2,1,4,2,80,1,7,30,2,2,,0,14,2,0,14,30,0,1,T,T,F,T,T,T,T,T,T
3000062,4501834,353.26,R,2504,104,150,mastercard,204,debit,330,87,10,,hotmail.com,,0.19,2,1,4,1,2,3,1,3,1,4,3,1,2,2,5,7,0,1,30,2,0,0,1,,14,7,30,2,7,F,T,T,T,T,T,T,T,T
3000063,9458888,371.9,R,9552,152,150,amex,252,debit,330,87,10,,outlook.com,,0.027,4,3,4,3,1,1,2,3,1,2,3,2,1,2,74,7,14,0,30,2,2,,1,0,7,,7,14,30,T,F,T,T,T,T,T,T,T
3000064,1227922,66.15,W,16140,240,150,mastercard,240,credit,299,87,10,,yahoo.com,,0.291,2,1,3,1,1,4,1,2,4,4,4,1,4,4,-17,2,1,1,2,2,7,1,0,14,14,14,1,30,2,T,T,T,T,F,T,T,F,T
3000065,702697,126.31,S,16696,296,150,mastercard,296,debit,299,87,10,,aol.com,,0.202,3,2,1,3,1,4,3,2,2,1,2,2,3,1,-39,1,14,,,7,2,,,1,1,1,14,2,,T,T,T,T,T,T,T,T,T
3000066,7908495,380.07,S,1924,524,150,visa,224,credit,299,87,10,,aol.com,,0.211,1,3,2,2,3,2,3,1,1,2,2,1,3,1,60,30,30,7,14,0,2,2,2,1,1,30,7,,30,T,T,T,T,T,T,F,F,T
3000067,7936059,283.55,C,6708,308,150,visa,208,debit,299,87,10,,outlook.com,,0.34,3,2,1,4,2,3,1,2,3,3,2,1,3,4,45,2,1,1,30,0,2,2,,0,30,0,0,7,7,T,T,T,T,T,T,T,T,T
3000068,9903866,207.37,H,6450,550,150,visa,250,credit,330,87,10,,aol.com,,0.059,3,1,1,3,2,4,2,1,1,3,4,1,4,2,72,7,1,0,0,2,1,1,7,30,14,30,30,14,2,T,T,T,T,T,T,T,T,F
3000069,1129705,169.3,W,8783,383,150,visa,283,credit,330,87,10,,gmail.com,,0.017,4,4,4,3,1,4,2,3,4,3,2,4,1,3,-9,7,2,1,,2,14,0,1,,30,30,0,0,30,T,T,T,T,T,F,T,T,F
3000070,8458096,106.45,W,14565,165,150,mastercard,265,debit,191,87,10,,aol.com,,0.107,4,2,2,2,2,2,1,4,1,4,2,2,3,3,47,,0,0,7,14,7,14,2,,2,14,7,,0,T,T,T,T,T,T,F,T,T
3000071,1350321,76.86,W,14749,349,150,mastercard,249,credit,204,87,10,,aol.com,,0.005,4,2,4,1,4,3,2,1,4,3,3,1,3,3,-37,2,,7,,30,30,0,,1,1,2,30,7,,T,T,T,T,T,T,T,T,T
3000072,6823814,53.93,H,14656,256,150,visa,256,debit,299,87,10,,outlook.com,,0.086,2,2,1,2,1,4,1,3,2,3,3,4,4,1,25,0,1,2,7,14,7,1,,7,14,14,2,2,1,T,T,T,T,T,T,T,T,T
3000073,3200397,166.89,C,3961,561,150,visa,261,debit,299,87,10,,yahoo.com,,0.231,3,3,3,4,4,3,4,3,2,4,3,4,1,1,16,30,,,2,14,30,14,14,2,2,30,0,7,0,T,T,T,F,T,T,F,T,T
3000074,9626691,119.24,R,11654,254,150,discover,254,credit,299,87,10,,yahoo.com,,0.284,3,4,4,4,1,2,3,2,4,3,3,2,2,3,89,7,1,30,2,30,,14,,1,30,2,30,0,1,T,T,F,T,T,T,T,T,F
3000075,9875099,210.18,R,16473,573,150,mastercard,273,debit,191,87,10,,gmail.com,,0.229,4,3,2,3,1,1,4,3,2,2,2,4,1,2,57,7,30,7,7,7,7,7,0,0,14,1,30,2,0,T,T,T,T,T,T,T,T,T
3000076,259740,258.14,C,7244,344,150,amex,244,credit,299,87,10,,hotmail.com,,0.063,2,3,4,3,2,2,4,1,2,2,2,2,1,2,-39,2,30,30,,0,7,30,2,,14,14,0,14,0,T,F,T,T,F,F,T,T,T
3000077,4678835,271.74,C,10866,466,150,amex,266,credit,191,87,10,,gmail.com,,0.13,3,2,1,4,2,4,3,2,1,1,1,1,4,2,48,,14,0,30,30,0,2,30,1,7,2,2,7,0,T,T,T,T,T,T,T,T,T
3000078,9542085,156.88,R,2292,392,150,visa,292,credit,191,87,10,,gmail.com,,0.312,3,2,1,4,4,4,3,4,4,4,2,1,2,1,71,1,0,7,14,7,,14,30,7,1,14,7,,2,F,T,F,T,T,T,T,T,T
3000079,7474741,217.26,H,8339,439,150,discover,239,credit,299,87,10,,outlook.com,,0.087,2,1,4,3,2,3,3,1,2,4,4,2,1,4,61,,14,7,0,,7,7,2,0,7,30,30,0,0,T,T,T,T,T,T,F,T,T
3000080,9170313,320.88,S,1005,105,150,discover,205,credit,330,87,10,,aol.com,,0.004,4,1,1,2,1,3,3,3,3,1,1,2,4,2,54,30,30,30,7,0,2,14,1,1,0,,7,1,7,T,T,T,T,T,T,T,T,T
3000081,1263925,37.67,W,12073,173,150,mastercard,273,debit,191,87,10,,outlook.com,,0.03,2,1,4,3,4,4,2,3,4,3,3,4,2,2,1,14,30,30,14,2,,30,14,,2,30,30,14,30,T,T,T,T,T,F,T,T,T
3000082,6554794,378.22,H,16740,340,150,amex,240,debit,330,87,10,,outlook.com,,0.017,1,3,2,1,3,4,1,2,4,2,3,1,4,4,47,,30,2,14,0,0,30,2,1,14,,,,,T,T,F,T,T,T,T,T,T
3000083,8457920,227.71,C,13050,150,150,amex,250,debit,330,87,10,,outlook.com,,0.015,3,4,2,1,2,3,1,3,4,3,1,3,2,2,76,0,,14,1,7,14,14,7,0,2,1,1,30,2,T,T,T,T,T,T,T,T,T
3000084,8461839,221.59,S,8158,258,150,visa,258,credit,204,87,10,,gmail.com,,0.024,3,3,1,3,4,4,1,3,2,3,1,1,2,1,53,0,1,30,30,,1,,30,7,,0,1,14,,T,T,T,T,T,T,T,T,T
3000085,7180652,303.82,R,15261,361,150,amex,261,debit,204,87,10,,gmail.com,,0.226,4,1,1,1,1,1,3,1,3,3,1,3,4,4,65,,30,0,7,1,14,1,1,30,7,,,,14,F,T,T,F,T,T,T,T,T
3000086,3454526,161.79,W,5721,321,150,mastercard,221,debit,299,87,10,,gmail.com,,0.259,2,2,3,2,1,2,1,4,1,3,1,3,1,2,8,14,7,2,2,1,30,30,1,0,2,14,0,1,2,F,T,T,T,F,T,T,T,T
3000087,7766168,77.91,H,11016,116,150,discover,216,credit,299,87,10,,gmail.com,,0.049,3,4,1,2,1,3,2,2,3,1,1,1,1,4,32,14,1,0,14,2,14,14,7,30,,1,2,7,1,T,T,T,T,T,T,T,T,T
3000088,1616109,210.43,W,10535,135,150,mastercard,235,credit,191,87,10,,hotmail.com,,0.061,3,1,2,4,2,1,3,3,2,1,2,3,4,4,-16,0,0,30,2,0,30,14,30,,2,,30,2,14,T,T,T,T,T,T,T,T,T
3000089,7307213,158.81,S,13342,442,150,discover,242,debit,330,87,10,,outlook.com,,0.02,2,1,3,2,2,2,2,3,1,2,4,3,1,4,74,7,7,1,14,1,30,,7,0,1,0,1,14,14,T,T,T,T,T,T,T,F,T
3000090,2478077,250.48,H,3809,409,150,discover,209,debit,191,87,10,,yahoo.com,,0.037,2,4,4,2,1,1,2,4,2,1,2,4,1,1,-27,7,30,1,14,14,,0,,30,30,7,14,7,2,T,T,T,T,T,T,T,T,T
3000091,10119786,127.64,C,8618,218,150,amex,218,credit,204,87,10,,gmail.com,,0.238,4,3,3,4,2,4,4,2,3,4,3,3,3,4,92,1,,,30,0,30,1,7,,30,1,0,1,14,T,F,F,T,T,T,T,T,T
3000092,1865400,386.54,W,2705,305,150,amex,205,debit,204,87,10,,yahoo.com,,0.064,2,4,4,1,2,3,2,1,2,2,1,3,2,1,17,0,2,,7,2,30,7,7,14,1,14,0,30,30,T,T,F,T,T,T,T,T,T
3000093,8108484,367.7,R,10322,422,150,visa,222,credit,299,87,10,,aol.com,,0.028,3,4,4,4,2,3,4,4,1,4,1,3,1,4,77,,1,30,30,1,,2,7,2,14,14,0,30,,T,T,T,F,T,T,T,T,T
3000094,4537625,48.89,C,4047,147,150,amex,247,debit,191,87,10,,hotmail.com,,0.402,2,2,2,3,2,1,1,1,4,1,1,4,3,3,19,14,,2,7,1,,14,2,7,1,,14,1,0,T,T,T,T,T,T,T,T,T
3000095,6052268,210.94,C,16673,273,150,amex,273,debit,191,87,10,,gmail.com,,0.007,3,4,3,3,2,4,4,2,4,3,3,4,3,4,46,14,1,14,30,1,,0,30,2,,1,14,7,,T,T,T,F,T,T,T,T,T
3000096,1144609,42.81,R,14054,154,150,mastercard,254,debit,191,87,10,,gmail.com,,0.263,3,3,3,4,4,1,4,3,4,2,2,3,4,4,-4,0,0,1,2,1,2,2,30,2,30,2,14,30,7,T,T,T,T,T,T,F,T,T
3000097,8371328,217.96,W,12900,500,150,visa,200,credit,299,87,10,,yahoo.com,,0.081,1,1,3,2,1,4,3,2,2,3,4,2,2,2,36,0,30,2,,2,,7,7,,14,2,14,7,1,T,T,T,F,T,F,F,T,T
3000098,6644726,193.49,S,6801,401,150,visa,201,debit,191,87,10,,aol.com,,0.172,2,3,3,4,1,4,4,3,1,4,3,2,1,3,71,7,14,7,7,1,1,30,30,30,7,,7,1,2,T,T,T,T,T,F,T,T,T
3000099,5869175,326.88,S,8849,449,150,mastercard,249,debit,330,87,10,,outlook.com,,0.111,1,2,1,3,3,2,4,1,2,1,2,1,4,2,7,7,2,,,7,2,7,30,,0,2,0,,,T,F,T,F,T,T,T,T,T
3000100,4378059,113.92,W,9157,257,150,visa,257,credit,299,87,10,,outlook.com,,0.06,4,3,2,3,1,2,1,2,4,3,1,2,3,1,35,,1,0,0,14,,30,7,30,14,1,2,,0,T,F,T,T,T,T,T,T,T
3000101,5473697,140.36,R,5123,223,150,mastercard,223,credit,191,87,10,,yahoo.com,,0.011,3,4,3,2,1,2,4,3,3,3,4,1,4,2,30,14,,2,,14,1,2,30,0,30,14,,7,1,F,T,T,T,F,T,T,T,T
3000102,6862710,142.59,R,6050,150,150,discover,250,credit,204,87,10,,gmail.com,,0.088,3,1,3,2,1,1,2,4,1,4,1,3,4,3,73,30,0,,14,2,14,0,30,0,,2,0,1,14,T,F,T,T,T,T,T,F,T
3000103,7576925,286.97,C,12729,329,150,discover,229,credit,191,87,10,,aol.com,,0.1,2,2,4,3,3,4,4,4,1,1,3,1,2,3,51,2,1,1,,2,0,,,30,,2,14,14,14,T,T,T,T,T,T,T,T,T
3000104,1128146,194.94,C,6069,169,150,discover,269,debit,299,87,10,,hotmail.com,,0.175,4,1,3,1,4,1,1,3,3,4,4,1,2,1,-1,,30,7,0,2,14,0,2,14,14,1,2,14,30,T,T,T,T,F,T,T,T,T
3000105,1012771,237.15,W,12015,115,150,mastercard,215,debit,191,87,10,,aol.com,,0.265,1,3,4,3,1,1,4,4,3,3,2,3,3,1,-32,2,1,2,14,,,7,14,1,7,0,,1,1,T,T,T,T,T,T,T,T,T
3000106,1303148,112.36,S,3811,411,150,amex,211,credit,299,87,10,,hotmail.com,,0.187,2,1,4,1,3,2,1,3,2,3,1,4,1,1,-9,30,2,30,,30,2,,0,0,2,,30,7,1,F,T,F,T,F,T,T,T,T
3000107,10063747,204.17,C,4263,363,150,amex,263,debit,191,87,10,,aol.com,,0.108,3,1,3,4,1,3,2,2,3,4,2,1,4,2,82,1,14,1,7,2,14,2,7,14,1,1,30,1,14,T,F,T,T,T,T,T,T,T
3000108,9608502,137.42,S,7629,229,150,amex,229,debit,299,87,10,,outlook.com,,0.12,1,3,4,4,3,4,3,2,2,1,2,2,1,3,79,14,14,1,14,1,1,30,0,2,0,30,,7,1,T,T,T,T,T,T,T,T,F
3000109,8033940,162.1,C,16360,460,150,mastercard,260,credit,299,87,10,,yahoo.com,,0.234,4,3,4,2,4,4,1,4,3,4,1,1,4,4,74,0,1,14,14,7,30,0,14,7,14,,30,0,1,T,T,T,T,T,T,T,T,T
3000110,8677475,195.31,H,10979,579,150,mastercard,279,credit,330,87,10,,aol.com,,0.038,4,3,4,1,2,4,2,4,1,3,3,2,1,1,65,30,7,30,2,0,14,30,7,30,,14,14,1,7,T,T,T,T,T,F,T,T,T
3000111,10152734,234.89,C,6599,199,150,amex,299,debit,299,87,10,,gmail.com,,0.113,4,4,4,1,4,2,2,4,4,4,4,1,1,2,108,2,14,30,14,,,1,0,1,1,0,30,2,0,T,T,T,T,T,F,T,T,T
3000112,3726695,38.63,H,10779,379,150,visa,279,credit,299,87,10,,yahoo.com,,0.092,3,3,4,1,4,1,3,4,2,1,3,3,4,2,-2,1,14,0,0,14,30,30,14,0,7,30,30,14,,T,T,T,T,T,T,T,T,T
3000113,3006464,238.55,S,11370,470,150,visa,270,debit,191,87,10,,aol.com,,0.046,4,4,1,3,3,2,1,2,3,3,1,3,3,3,-19,0,0,30,2,2,7,30,14,14,0,,1,1,2,T,T,T,T,T,T,T,F,T
3000114,10257393,322.96,C,16699,299,150,amex,299,debit,191,87,10,,yahoo.com,,0.042,2,3,3,1,2,3,1,3,4,2,4,2,1,3,85,,2,30,0,2,7,0,7,1,2,7,,2,1,T,T,T,T,T,T,T,T,T
3000115,4152101,315.56,W,4677,277,150,mastercard,277,debit,191,87,10,,aol.com,,0.261,1,4,4,1,1,3,1,1,3,4,1,1,3,1,41,,2,30,1,2,1,1,2,2,14,2,,7,30,T,T,T,T,T,T,T,F,T
3000116,3125402,25.8,S,6160,260,150,discover,260,debit,204,87,10,,yahoo.com,,0.083,2,1,4,1,1,4,1,1,4,4,2,4,3,3,-16,,1,30,,30,,14,0,,,7,14,1,0,T,T,T,T,T,T,T,T,T
3000117,1182914,137.95,H,16344,444,150,discover,244,debit,299,87,10,,yahoo.com,,0.024,1,4,1,3,4,4,2,3,3,2,1,4,1,3,-17,30,0,,2,14,7,7,14,7,1,14,1,14,1,T,T,T,T,T,T,T,T,T
3000118,2410259,183.84,H,12164,264,150,visa,264,credit,330,87,10,,aol.com,,0.011,2,3,4,1,1,4,3,4,1,1,2,2,1,2,-23,1,7,14,2,7,14,14,7,1,1,30,2,2,14,T,T,T,T,T,T,F,T,T
3000119,10252180,292.76,S,10979,579,150,amex,279,debit,204,87,10,,aol.com,,0.465,3,1,2,4,4,3,4,4,4,4,2,2,4,2,77,14,7,,2,,7,1,2,,30,1,1,0,0,T,T,T,T,T,T,F,T,T
3000120,4824358,331.63,H,17692,292,150,visa,292,credit,330,87,10,,yahoo.com,,0.036,3,1,4,1,2,3,4,1,1,2,4,1,3,1,37,14,,0,7,7,14,7,14,30,2,7,2,,2,T,T,T,T,T,T,T,T,T
3000121,5454014,68.19,R,10398,498,150,amex,298,debit,299,87,10,,aol.com,,0.336,4,2,1,3,1,2,2,4,4,4,2,4,2,2,44,30,,2,0,30,2,,,0,0,1,7,7,7,T,T,F,F,T,T,T,T,T
3000122,4284727,200.34,C,8656,256,150,discover,256,credit,191,87,10,,gmail.com,,0.248,3,3,3,1,3,4,4,2,2,3,2,3,1,1,47,0,0,7,0,14,0,30,7,2,1,30,2,2,1,T,T,T,T,T,T,F,T,T
3000123,7428922,235.11,C,13319,419,150,mastercard,219,debit,330,87,10,,hotmail.com,,0.4,3,1,4,4,3,1,3,3,2,4,1,4,2,4,79,30,7,0,1,14,,7,1,14,30,0,7,30,2,T,T,T,T,T,T,T,T,T
3000124,1771231,363.75,S,9730,330,150,discover,230,debit,204,87,10,,aol.com,,0.098,3,3,3,4,1,1,3,3,1,4,3,2,2,1,8,30,1,2,30,7,0,30,30,2,7,0,30,7,30,T,T,T,T,T,T,F,T,T
3000125,735465,319.36,S,12117,217,150,mastercard,217,debit,191,87,10,,aol.com,,0.208,2,1,3,1,4,2,1,1,1,4,2,1,2,4,-5,,,30,30,7,2,0,30,14,14,1,2,,,T,T,T,F,T,T,T,T,F
3000126,3723486,65.88,C,6683,283,150,visa,283,credit,191,87,10,,yahoo.com,,0.166,1,1,1,2,1,3,4,4,2,2,2,3,4,4,21,1,14,30,0,14,1,30,7,14,0,30,,,2,T,T,T,T,F,F,T,T,T
3000127,2175401,394.91,S,8721,321,150,visa,221,debit,299,87,10,,outlook.com,,0.315,3,3,2,4,3,3,4,1,1,1,2,2,1,4,-24,0,0,1,30,7,14,14,2,7,1,30,30,2,1,T,T,T,T,T,T,T,T,T
3000128,9906729,75.08,S,2780,380,150,mastercard,280,debit,191,87,10,,yahoo.com,,0.126,4,4,4,2,3,2,3,2,2,2,1,4,4,2,100,7,,7,2,0,30,7,30,,1,1,2,7,14,T,T,T,T,T,T,T,T,F
3000129,10183996,361.34,H,5881,481,150,mastercard,281,debit,204,87,10,,outlook.com,,0.119,3,3,2,1,1,4,3,2,4,1,4,4,2,4,84,,,2,30,7,30,30,0,,30,0,7,30,2,T,T,T,T,T,T,T,F,T
3000130,10156508,357.43,W,17866,466,150,visa,266,credit,191,87,10,,hotmail.com,,0.168,2,2,3,3,3,4,3,1,1,3,3,4,4,1,105,30,14,30,,14,2,7,14,2,,30,30,,0,T,F,T,T,T,T,T,T,T
3000131,1047308,168.46,W,16003,103,150,mastercard,203,credit,204,87,10,,yahoo.com,,0.281,3,4,4,1,3,2,1,1,2,3,4,3,3,4,-4,30,30,14,,14,7,7,2,14,1,,2,1,,T,T,T,T,T,T,T,T,T
3000132,9351317,81.28,W,6746,346,150,mastercard,246,credit,204,87,10,,hotmail.com,,0.423,1,1,4,4,2,4,3,2,1,3,3,4,3,2,107,14,30,7,2,30,0,30,7,0,1,30,14,0,2,T,T,T,T,T,T,T,T,T
3000133,5058044,55.14,S,8220,320,150,visa,220,credit,299,87,10,,hotmail.com,,0.312,4,2,4,3,4,3,1,3,3,3,3,4,1,2,21,7,30,7,,7,2,1,,30,7,30,7,1,,T,F,T,T,T,T,T,T,T
3000134,2372545,200.35,S,5706,306,150,mastercard,206,debit,330,87,10,,gmail.com,,0.208,2,4,3,4,1,3,3,4,4,2,1,1,2,3,26,30,,30,7,0,30,30,2,7,1,7,30,30,1,T,T,T,F,T,T,T,T,T
3000135,4214377,298.52,S,4918,518,150,visa,218,debit,204,87,10,,yahoo.com,,0.242,2,1,2,3,3,3,3,3,1,3,2,1,2,3,9,,7,7,2,1,0,1,1,14,1,,1,,14,T,T,T,T,T,T,T,T,T
3000136,4725957,368.09,W,4734,334,150,visa,234,debit,299,87,10,,gmail.com,,0.16,2,2,2,2,3,2,2,2,1,4,1,1,1,4,50,7,0,1,0,0,,30,14,14,0,7,0,2,0,T,T,T,T,T,T,T,T,T
3000137,8393448,317.3,C,1336,436,150,visa,236,debit,299,87,10,,hotmail.com,,0.221,1,2,2,3,2,1,1,2,4,3,2,4,1,2,89,2,7,7,1,14,1,7,0,,2,0,7,0,14,F,T,T,T,T,T,T,T,T
3000138,7900184,231.71,W,12837,437,150,discover,237,debit,204,87,10,,hotmail.com,,0.111,1,4,3,2,1,4,1,4,4,1,1,2,4,4,38,14,0,30,1,0,2,1,2,1,14,,7,0,1,T,T,T,T,T,T,T,T,T
3000139,3186673,245.59,H,17354,454,150,mastercard,254,debit,330,87,10,,outlook.com,,0.159,1,1,1,4,1,2,4,3,2,3,1,1,4,4,34,2,30,7,7,14,2,14,2,,,14,14,0,,T,T,T,T,T,T,T,T,T
3000140,4378997,139.53,H,4903,503,150,visa,203,credit,191,87,10,,outlook.com,,0.065,4,4,2,1,4,3,4,4,3,3,3,1,1,1,28,,2,2,,30,14,0,,30,2,7,0,7,2,F,T,T,T,T,T,T,T,T
3000141,7376011,114.09,W,2849,449,150,visa,249,credit,330,87,10,,gmail.com,,0.054,4,4,3,1,4,1,2,3,4,3,2,3,3,4,60,7,30,,,0,,,14,1,2,2,0,2,14,T,F,T,T,T,T,T,T,T
3000142,8024584,56.0,R,4013,113,150,amex,213,debit,330,87,10,,gmail.com,,0.021,4,4,3,4,2,1,2,4,2,4,3,4,1,2,34,7,1,1,1,30,30,,2,,7,7,2,,,T,T,T,T,F,T,T,T,T
3000143,1753154,30.53,H,4721,321,150,discover,221,debit,191,87,10,,outlook.com,,0.18,1,1,3,3,1,4,3,1,4,2,2,1,1,3,-27,0,1,14,0,,,2,2,,14,30,7,,30,T,F,T,T,T,T,T,T,T
3000144,6010713,285.85,W,17068,168,150,visa,268,debit,330,87,10,,aol.com,,0.051,2,3,4,3,3,1,2,4,4,1,4,3,3,1,67,,1,2,1,,1,7,30,2,,,30,7,,T,T,T,T,T,T,T,T,F
3000145,9222847,199.01,H,3624,224,150,mastercard,224,credit,204,87,10,,yahoo.com,,0.047,2,1,4,2,3,3,1,1,2,2,2,4,3,4,83,,30,1,2,1,30,14,,2,,2,1,0,7,T,T,T,T,T,T,T,F,F
3000146,657364,254.84,S,6529,129,150,visa,229,debit,330,87,10,,yahoo.com,,0.27,2,2,3,3,4,4,2,4,2,2,3,2,4,2,2,,1,0,2,2,1,14,7,1,2,14,30,30,7,F,T,T,F,T,T,T,T,T
3000147,648428,373.8,S,2925,525,150,discover,225,credit,204,87,10,,gmail.com,,0.04,4,2,1,3,4,2,3,1,3,1,2,4,3,3,-53,2,2,14,,,2,14,2,7,1,2,30,7,,T,T,T,T,T,T,T,T,T
3000148,1360868,35.5,R,15300,400,150,amex,200,debit,191,87,10,,outlook.com,,0.17,1,2,4,1,2,4,1,3,1,3,1,4,3,1,15,2,1,0,0,7,,30,30,7,7,30,2,14,30,T,T,T,T,F,T,T,T,T
3000149,7339174,381.34,S,2436,536,150,mastercard,236,credit,299,87,10,,yahoo.com,,0.062,1,1,2,2,4,4,3,2,1,3,4,4,3,2,79,30,0,,2,14,1,7,7,7,7,2,14,14,7,T,T,T,T,T,T,T,F,T
3000150,6850026,184.96,H,13066,166,150,discover,266,credit,204,87,10,,gmail.com,,0.323,1,4,3,2,2,3,2,4,3,1,1,1,1,4,72,0,7,30,30,14,,2,2,2,14,0,,14,0,T,T,T,T,T,T,T,T,F
3000151,2011082,340.31,R,16167,267,150,amex,267,debit,330,87,10,,aol.com,,0.27,4,1,1,4,1,1,2,4,4,4,4,3,3,4,-7,2,0,1,1,0,1,0,,0,30,1,,0,1,T,T,T,T,T,T,T,T,F
3000152,4920458,346.11,S,8922,522,150,discover,222,debit,299,87,10,,gmail.com,,0.185,2,3,4,1,3,1,1,4,4,4,3,1,4,4,20,14,14,30,14,30,,,7,1,30,0,14,0,7,T,T,T,F,T,T,T,T,T
3000153,3108974,178.51,R,3081,181,150,discover,281,debit,191,87,10,,outlook.com,,0.012,3,4,4,3,4,2,2,3,1,4,2,2,2,2,-8,7,0,,7,7,2,1,1,14,0,0,2,2,2,F,T,T,T,T,T,T,T,T
3000154,8772962,312.36,S,12151,251,150,visa,251,debit,330,87,10,,yahoo.com,,0.173,1,1,2,1,2,3,2,3,4,4,1,2,3,3,83,1,0,,1,7,7,,,0,1,,,7,2,T,T,T,F,F,T,T,T,T
3000155,3072815,291.78,C,3792,392,150,visa,292,credit,299,87,10,,aol.com,,0.004,2,1,1,1,3,3,4,2,4,1,4,1,2,1,15,30,,30,14,2,7,7,30,30,14,,2,30,30,T,T,T,T,T,T,T,T,T
3000156,9195071,362.08,S,1258,358,150,mastercard,258,credit,299,87,10,,outlook.com,,0.236,1,1,3,4,2,3,2,1,3,3,2,1,1,3,84,,,2,30,7,14,0,30,0,,2,2,30,14,T,T,T,T,T,T,T,T,T
3000157,7505473,275.52,C,10323,423,150,mastercard,223,credit,204,87,10,,hotmail.com,,0.118,2,4,1,3,4,4,3,4,4,4,4,4,2,2,84,1,7,30,7,1,30,14,,14,0,30,1,7,7,T,T,T,T,T,T,T,F,T
3000158,10210766,248.61,H,13102,202,150,discover,202,debit,204,87,10,,gmail.com,,0.008,3,3,2,2,4,1,1,3,1,1,4,4,3,4,90,,7,7,,30,,14,1,,1,14,30,7,,T,T,T,F,T,T,T,F,T
3000159,9633026,53.94,H,5881,481,150,amex,281,debit,299,87,10,,outlook.com,,0.031,1,2,1,2,4,1,1,2,1,3,2,2,4,1,56,14,14,2,7,14,0,7,,0,2,7,1,7,0,T,F,T,T,T,F,T,F,T
3000160,2863130,63.56,W,13517,117,150,visa,217,credit,299,87,10,,hotmail.com,,0.032,4,1,3,2,4,3,3,4,1,1,2,2,2,4,-7,,14,7,0,2,0,2,7,14,7,0,7,0,7,T,T,F,T,T,T,T,T,F
3000161,1033735,210.16,S,15613,213,150,visa,213,debit,299,87,10,,yahoo.com,,0.164,4,3,3,4,3,2,3,1,2,1,3,1,4,1,-37,1,30,14,2,7,1,14,14,,2,30,2,30,2,T,T,T,T,F,T,T,T,T
3000162,2806957,149.82,H,9946,546,150,discover,246,credit,330,87,10,,gmail.com,,0.085,1,1,1,4,1,3,4,3,4,2,1,1,4,3,-8,7,0,1,30,0,,2,30,30,2,1,0,,14,T,T,T,T,F,F,T,T,T
3000163,2656724,387.57,S,8246,346,150,mastercard,246,debit,299,87,10,,gmail.com,,0.286,2,1,2,3,2,3,2,1,3,4,1,4,1,3,27,,7,2,0,30,14,7,7,2,14,,0,30,1,T,T,T,T,T,T,T,T,T
3000164,6020433,140.17,H,14764,364,150,amex,264,debit,299,87,10,,hotmail.com,,0.182,1,1,4,4,1,3,3,2,1,4,2,3,1,3,66,,1,0,,14,14,7,,0,30,7,14,0,0,F,T,F,T,T,T,F,T,T
3000165,3550923,317.41,W,13366,466,150,visa,266,credit,330,87,10,,aol.com,,0.35,4,4,4,1,3,1,4,3,2,1,1,1,1,2,39,1,30,14,2,2,7,7,30,14,7,1,1,1,,T,F,T,T,T,T,F,T,T
3000166,6784144,130.6,W,11114,214,150,mastercard,214,credit,299,87,10,,gmail.com,,0.232,4,3,3,3,4,3,2,1,4,1,4,2,1,2,53,1,7,14,1,1,7,30,,,2,,30,7,1,T,T,T,F,T,T,T,T,F
3000167,522290,95.67,R,12793,393,150,visa,293,credit,299,87,10,,hotmail.com,,0.132,2,3,4,2,3,3,2,4,1,1,2,2,2,2,-28,7,30,2,2,14,7,30,1,0,,14,14,1,,T,T,T,T,T,F,T,T,T
3000168,3661197,40.24,R,5868,468,150,amex,268,credit,299,87,10,,aol.com,,0.232,4,2,3,3,4,4,4,3,4,1,2,2,2,4,-6,1,7,1,2,7,7,14,1,,2,2,14,0,1,T,T,T,F,T,T,F,T,T
3000169,4212413,140.47,C,14400,500,150,visa,200,debit,330,87,10,,gmail.com,,0.094,3,2,3,3,3,3,2,2,3,1,3,3,3,4,2,,14,,30,0,7,30,14,,1,,7,1,1,T,F,T,T,T,T,T,F,F
3000170,2659610,243.06,S,16546,146,150,mastercard,246,debit,191,87,10,,outlook.com,,0.201,3,1,4,3,3,2,4,4,4,3,3,1,1,2,6,2,14,30,,14,14,14,,7,7,1,7,0,14,T,F,T,T,T,T,T,T,F
3000171,9237484,205.67,H,2050,150,150,visa,250,debit,330,87,10,,yahoo.com,,0.168,4,4,1,4,2,2,2,3,4,4,2,3,2,4,77,1,0,1,7,0,,7,14,,1,14,2,14,7,T,T,F,F,T,T,T,T,T
3000172,8219941,129.41,H,2280,380,150,visa,280,credit,330,87,10,,hotmail.com,,0.192,1,2,2,3,3,1,2,4,4,1,3,1,1,3,71,7,1,2,1,14,0,7,0,0,30,30,30,30,7,T,T,T,T,T,T,T,T,T
3000173,9529480,170.74,C,14085,185,150,visa,285,debit,330,87,10,,outlook.com,,0.209,2,3,1,4,2,1,1,3,2,4,3,2,2,1,86,14,1,7,30,0,,30,,14,30,30,30,30,0,T,F,T,T,T,T,T,T,T
3000174,683207,21.77,H,15548,148,150,visa,248,debit,299,87,10,,yahoo.com,,0.154,2,1,4,1,3,3,2,2,4,4,1,2,2,1,-10,2,1,0,7,30,2,0,7,1,7,1,0,30,,T,T,F,T,T,T,T,T,T
3000175,527225,356.47,H,13090,190,150,mastercard,290,credit,204,87,10,,aol.com,,0.024,2,3,4,1,3,1,4,4,2,1,2,1,1,3,-7,30,7,,1,14,0,0,1,2,7,2,1,1,7,T,T,T,T,F,T,T,T,T
3000176,10359990,395.65,H,8800,400,150,amex,200,credit,330,87,10,,yahoo.com,,0.259,2,2,1,2,2,4,3,2,4,1,1,4,1,2,92,30,1,1,1,0,1,14,14,,,1,1,14,0,T,T,T,T,T,T,T,F,T
3000177,1926691,113.07,R,11206,306,150,mastercard,206,credit,191,87,10,,yahoo.com,,0.19,1,4,4,1,3,2,2,3,4,4,3,4,3,4,-24,14,7,0,2,1,30,7,1,1,1,0,0,,14,T,T,F,T,T,T,T,T,T
3000178,4547302,377.31,R,17103,203,150,amex,203,credit,191,87,10,,outlook.com,,0.231,4,3,1,4,4,2,2,4,1,3,1,2,3,4,-6,1,2,1,14,14,30,,1,0,0,,0,30,30,T,T,F,T,T,T,T,T,T
3000179,5813549,352.88,R,3632,232,150,mastercard,232,credit,191,87,10,,aol.com,,0.214,3,1,2,4,1,1,1,4,4,3,4,2,2,3,20,30,1,1,7,1,14,0,7,14,,1,1,1,0,T,T,T,T,F,T,T,T,T
3000180,4249942,125.17,R,3808,408,150,mastercard,208,debit,204,87,10,,aol.com,,0.259,4,3,4,4,3,4,3,3,3,3,2,3,4,4,48,0,2,,2,,0,0,7,,30,7,30,,1,T,T,T,F,T,T,T,T,F
3000181,7808576,160.0,H,10157,257,150,mastercard,257,credit,191,87,10,,yahoo.com,,0.02,4,1,3,4,4,1,4,3,2,2,1,2,4,1,80,,30,14,,7,1,7,0,7,30,14,1,1,1,F,T,T,T,T,T,T,T,T
3000182,1266602,397.48,W,3930,530,150,discover,230,debit,299,87,10,,hotmail.com,,0.031,3,2,1,3,4,4,4,2,2,3,1,3,1,1,14,2,30,14,1,30,0,14,2,1,,2,7,14,30,T,T,T,T,T,T,T,T,T
3000183,9468475,392.34,C,7221,321,150,mastercard,221,debit,299,87,10,,gmail.com,,0.102,3,3,1,3,4,2,4,3,4,1,3,2,2,2,108,30,0,,,1,,7,30,7,2,,30,,1,T,T,T,T,T,T,T,T,T
3000184,4814052,396.32,H,12056,156,150,visa,256,credit,191,87,10,,gmail.com,,0.254,4,2,2,4,4,3,2,2,2,2,1,3,1,2,18,7,30,,1,0,0,2,7,1,0,0,14,30,2,T,T,T,T,T,T,T,T,T
3000185,7051352,113.1,R,5868,468,150,visa,268,debit,299,87,10,,outlook.com,,0.239,1,1,1,4,2,1,4,3,1,2,4,4,4,3,46,1,0,2,0,30,,,14,1,7,,30,0,7,T,T,T,F,T,T,T,T,T
3000186,845613,338.11,S,17009,109,150,mastercard,209,debit,204,87,10,,yahoo.com,,0.232,1,3,1,1,1,3,3,2,4,1,2,3,1,3,3,14,7,1,14,7,30,2,14,2,14,14,14,1,30,T,T,T,T,T,T,T,T,T
3000187,2683214,91.47,C,2465,565,150,amex,265,credit,299,87,10,,aol.com,,0.08,2,2,1,3,2,3,2,4,2,3,4,4,1,2,14,2,0,14,0,30,14,7,0,2,30,0,2,2,,T,T,T,F,T,T,T,T,F
3000188,6630575,56.31,R,11045,145,150,discover,245,credit,330,87,10,,aol.com,,0.366,2,3,1,2,2,2,4,3,1,3,2,4,4,2,71,2,,7,14,2,2,7,14,30,,1,2,30,,T,F,F,T,T,T,T,T,T
3000189,8594591,341.19,C,14320,420,150,mastercard,220,credit,204,87,10,,yahoo.com,,0.118,4,1,4,1,2,1,4,3,2,1,4,2,2,2,84,2,,1,14,2,0,7,7,7,1,2,0,2,30,T,F,T,T,T,F,T,T,T
3000190,3322413,203.59,R,4862,462,150,discover,262,debit,299,87,10,,gmail.com,,0.114,3,1,4,3,3,3,1,1,3,2,4,3,1,1,24,7,1,0,14,14,1,7,0,7,0,1,,30,2,T,T,T,T,T,T,T,F,T
3000191,3417375,182.77,W,13265,365,150,amex,265,debit,191,87,10,,outlook.com,,0.241,2,2,4,3,1,4,4,4,2,3,4,4,2,1,12,,0,1,1,2,14,0,,30,1,0,30,,2,T,T,T,T,T,T,T,F,T
3000192,4901339,130.0,H,1263,363,150,mastercard,263,credit,204,87,10,,outlook.com,,0.35,1,2,2,2,2,1,2,4,1,3,2,2,4,1,26,1,0,,0,7,7,14,2,30,30,1,1,2,7,T,T,T,T,T,T,T,T,T
3000193,2078959,20.2,R,2558,158,150,mastercard,258,credit,191,87,10,,hotmail.com,,0.094,3,3,3,2,3,2,4,1,1,2,1,1,2,2,22,7,0,0,14,14,2,2,30,7,,1,14,30,1,T,F,T,T,T,T,F,F,T
3000194,5411719,219.03,S,3218,318,150,visa,218,debit,204,87,10,,yahoo.com,,0.061,4,4,4,4,3,2,2,1,2,2,1,4,3,3,53,1,2,30,2,14,0,1,1,0,14,1,2,0,30,T,T,T,F,T,T,T,T,T
3000195,10299028,122.77,C,10101,201,150,amex,201,credit,299,87,10,,aol.com,,0.193,1,1,3,2,3,2,3,1,1,4,3,2,4,2,96,2,1,14,30,,,,7,1,7,1,30,30,7,F,T,T,T,T,T,T,T,T
3000196,3477354,356.4,H,1689,289,150,visa,289,credit,299,87,10,,gmail.com,,0.017,4,1,1,1,1,2,2,1,3,2,1,1,1,3,25,30,0,1,1,7,,14,7,,1,2,2,7,1,T,T,T,T,T,T,T,T,F
3000197,115801,29.12,R,5647,247,150,amex,247,debit,299,87,10,,outlook.com,,0.089,3,1,1,2,2,4,3,2,4,2,3,3,3,1,-8,7,30,2,2,,30,,0,,0,,1,,30,T,T,T,T,T,T,T,T,F
3000198,5073909,329.57,W,13799,399,150,amex,299,debit,191,87,10,,hotmail.com,,0.18,2,4,4,4,4,2,4,1,4,2,1,2,3,1,6,,0,2,14,7,1,0,0,2,2,,,,,T,T,T,T,T,T,T,T,T
3000199,4237053,284.53,W,5688,288,150,mastercard,288,credit,204,87,10,,outlook.com,,0.114,2,3,4,4,3,4,1,3,1,2,1,1,2,2,22,7,,7,30,7,14,30,,2,14,14,2,30,1,T,T,F,T,F,F,T,T,T
3000200,1105154,163.47,C,9907,507,150,discover,207,credit,299,87,10,,outlook.com,,0.168,2,1,3,4,2,3,1,1,1,3,3,1,2,3,-5,14,0,0,1,14,0,,2,1,14,1,30,0,1,T,T,T,T,T,T,T,T,T
3000201,2201218,305.7,W,17391,491,150,mastercard,291,debit,330,87,10,,outlook.com,,0.101,4,1,1,2,2,2,2,3,4,2,3,3,3,4,-26,30,,30,7,1,1,14,14,0,1,14,30,7,0,T,T,T,T,F,T,T,T,F
3000202,3986095,47.03,H,12905,505,150,discover,205,debit,330,87,10,,outlook.com,,0.17,4,3,3,3,1,4,4,3,1,1,2,1,2,1,17,7,1,14,7,,0,1,7,,7,30,0,2,7,T,T,T,T,T,T,T,T,T
3000203,1220848,88.5,H,16232,332,150,discover,232,debit,191,87,10,,yahoo.com,,0.386,2,3,1,4,1,3,4,4,2,1,2,1,4,3,-19,30,1,0,1,0,2,7,0,2,,30,7,,7,T,F,T,T,T,T,F,T,T
3000204,5419124,223.49,C,14733,333,150,amex,233,debit,191,87,10,,hotmail.com,,0.341,2,4,2,4,3,1,4,3,1,4,2,4,1,1,26,30,1,7,30,14,,1,14,7,1,2,1,1,30,T,T,T,T,T,T,T,T,T
3000205,9119683,26.15,W,13132,232,150,mastercard,232,credit,191,87,10,,outlook.com,,0.263,4,3,4,3,1,1,1,1,1,4,1,4,1,4,93,14,,0,30,2,,7,1,1,,7,14,7,0,T,T,T,T,T,T,T,T,T
3000206,3948810,176.92,H,5077,177,150,discover,277,debit,204,87,10,,hotmail.com,,0.064,1,1,2,3,3,3,2,4,2,4,2,4,1,4,13,30,7,30,1,7,2,14,1,7,1,0,30,,1,T,T,T,T,T,T,T,T,F
3000207,4839912,258.98,S,1840,440,150,mastercard,240,credit,204,87,10,,aol.com,,0.126,3,1,3,1,2,1,1,1,4,1,1,2,3,3,25,0,0,7,,2,,1,7,0,7,,0,7,0,T,T,T,T,T,T,T,T,T
3000208,2387838,162.6,R,3500,100,150,visa,200,debit,191,87,10,,yahoo.com,,0.134,3,1,2,1,1,2,2,3,1,2,1,3,2,2,-20,30,30,1,2,2,7,1,0,2,30,14,30,2,7,T,F,T,T,T,F,T,T,T
3000209,5754821,370.49,R,15288,388,150,amex,288,debit,191,87,10,,gmail.com,,0.15,4,4,2,3,3,1,4,2,1,3,4,3,3,4,57,0,1,,2,7,,1,2,1,0,1,30,2,2,T,T,T,T,T,T,T,T,T
3000210,214558,281.55,R,5007,107,150,visa,207,credit,299,87,10,,outlook.com,,0.23,4,3,3,2,2,1,4,4,1,3,4,1,1,4,-56,14,2,14,7,1,14,0,2,0,30,,,14,0,T,T,T,F,T,T,T,T,T
3000211,9383997,34.06,R,5294,394,150,visa,294,credit,204,87,10,,gmail.com,,0.006,3,4,4,1,3,1,1,2,1,1,2,1,3,4,106,1,0,1,30,,2,,14,0,30,,0,2,,T,T,T,T,T,T,F,T,T
3000212,1510655,347.52,S,4928,528,150,amex,228,debit,191,87,10,,outlook.com,,0.119,3,2,2,1,1,4,1,2,1,2,4,4,2,4,8,2,1,,14,,14,14,,2,,2,30,7,30,T,T,T,T,T,T,T,T,F
3000213,10212247,103.14,S,4462,562,150,mastercard,262,debit,299,87,10,,outlook.com,,0.064,4,2,3,1,4,4,3,3,1,1,3,4,2,2,106,14,7,14,2,0,7,2,2,0,0,30,7,30,7,T,T,T,T,T,T,T,T,T
3000214,2065063,124.85,S,14195,295,150,visa,295,credit,191,87,10,,aol.com,,0.396,2,4,4,4,1,2,3,4,2,2,2,3,3,3,-20,0,0,1,14,30,14,7,30,2,,30,1,1,2,T,T,T,T,T,F,F,T,F
3000215,9773289,84.88,R,9645,245,150,mastercard,245,debit,191,87,10,,aol.com,,0.151,1,3,3,4,4,3,3,4,3,3,4,1,3,3,73,2,14,,30,,,,14,7,0,2,30,14,30,F,T,T,F,F,T,T,T,T
3000216,2209516,262.72,R,3925,525,150,amex,225,debit,191,87,10,,aol.com,,0.133,4,4,3,3,1,1,4,2,4,2,3,2,3,4,25,0,,2,0,7,0,1,2,,14,0,0,7,2,T,T,T,T,T,T,T,T,T
3000217,637755,72.33,S,1021,121,150,discover,221,credit,299,87,10,,gmail.com,,0.302,4,1,3,3,3,2,4,3,2,2,3,2,4,2,-26,2,0,2,14,30,7,14,1,7,,,7,0,1,T,T,T,T,T,T,F,T,T
3000218,5662865,197.98,H,11264,364,150,amex,264,debit,191,87,10,,outlook.com,,0.005,3,1,4,2,4,1,4,4,1,1,1,3,1,3,18,0,,2,14,7,30,2,,0,0,30,14,30,14,T,T,T,F,T,F,T,T,T
3000219,5807694,233.58,C,7719,319,150,mastercard,219,debit,330,87,10,,hotmail.com,,0.214,1,4,1,4,4,1,1,3,4,4,2,2,3,4,35,30,14,0,7,1,30,0,1,1,,30,30,1,1,T,T,T,T,T,F,T,T,T
3000220,5333375,130.21,W,7565,165,150,visa,265,credit,191,87,10,,hotmail.com,,0.137,1,4,1,3,2,4,4,3,1,2,3,2,3,4,44,0,1,30,1,2,30,30,14,2,7,30,,,1,T,T,T,F,T,T,F,T,T
3000221,10333233,45.92,H,10926,526,150,visa,226,debit,299,87,10,,aol.com,,0.223,1,2,2,1,1,4,4,3,2,2,1,2,4,4,118,0,14,2,0,0,,30,0,7,,2,14,30,,T,T,T,T,T,T,T,T,T
3000222,1268518,163.5,S,11523,123,150,visa,223,debit,299,87,10,,yahoo.com,,0.033,1,2,1,3,4,1,3,2,4,2,2,4,3,3,-36,14,,1,,0,7,7,30,7,,0,14,0,1,T,T,T,T,T,T,T,T,T
3000223,1447767,107.62,C,4306,406,150,amex,206,credit,330,87,10,,hotmail.com,,0.064,1,1,4,3,1,1,3,4,3,2,3,1,2,2,-32,,30,2,,30,0,1,7,0,,14,14,30,,T,T,T,T,T,T,T,T,T
3000224,918557,247.3,S,12332,432,150,mastercard,232,debit,204,87,10,,aol.com,,0.086,1,1,2,4,1,4,1,4,4,2,4,4,2,1,-16,0,14,2,2,1,2,7,0,1,1,0,14,0,1,T,T,T,F,T,T,T,T,T
3000225,8901152,351.84,W,2500,100,150,visa,200,debit,299,87,10,,outlook.com,,0.15,3,2,4,3,2,4,3,3,3,2,3,3,1,1,90,7,30,14,7,2,0,1,1,,14,1,2,30,14,T,F,T,T,T,T,T,T,T
3000226,3187501,165.99,W,9857,457,150,amex,257,debit,204,87,10,,hotmail.com,,0.191,3,1,3,3,2,1,3,4,4,1,1,4,3,4,-15,14,30,14,,14,2,1,7,7,30,1,1,0,2,T,T,F,T,T,T,T,T,T
3000227,983159,313.11,W,9991,591,150,discover,291,credit,330,87,10,,hotmail.com,,0.106,1,4,1,4,1,3,4,2,4,1,1,3,3,1,-28,1,2,,,2,2,,7,1,1,30,1,1,,T,T,T,T,F,T,T,T,T
3000228,1381799,34.63,S,8624,224,150,visa,224,debit,191,87,10,,aol.com,,0.3,3,1,1,4,1,1,2,2,3,3,4,1,4,3,-8,0,2,14,,2,2,7,30,2,7,2,14,0,1,T,T,T,T,T,T,F,T,T
3000229,7363670,164.81,W,2068,168,150,discover,268,credit,299,87,10,,aol.com,,0.199,3,2,3,2,3,2,3,2,4,3,1,2,4,4,49,0,2,14,14,0,2,30,7,14,1,7,,7,1,T,T,T,T,T,T,T,F,T
3000230,10352066,113.08,H,5105,205,150,mastercard,205,credit,299,87,10,,aol.com,,0.149,1,2,1,4,3,4,1,2,1,4,1,2,1,2,62,,14,7,7,2,1,7,30,14,1,30,2,0,2,T,T,T,F,T,T,T,T,T
3000231,6646191,254.32,R,12031,131,150,visa,231,debit,191,87,10,,outlook.com,,0.186,1,3,4,4,3,4,2,3,1,2,3,4,3,1,24,14,14,14,14,,7,2,2,7,2,,1,1,0,T,T,T,T,T,T,T,T,T
3000232,4906444,125.74,S,7903,503,150,visa,203,debit,330,87,10,,gmail.com,,0.149,3,2,1,2,2,1,1,2,1,4,1,3,2,3,0,7,30,7,14,1,,7,2,0,30,30,,0,7,T,T,T,T,T,T,T,T,T
3000233,1054733,397.37,R,9619,219,150,visa,219,credit,204,87,10,,yahoo.com,,0.143,1,3,2,1,1,2,2,4,2,2,3,4,2,4,-15,1,30,7,2,1,1,30,0,14,,30,30,1,0,T,T,T,T,T,T,T,T,T
3000234,9802534,339.46,R,6900,500,150,discover,200,credit,191,87,10,,outlook.com,,0.091,2,4,1,2,4,3,1,3,4,2,4,4,4,2,87,2,2,14,1,,,7,0,14,,2,2,30,2,T,T,T,T,F,F,T,T,T
3000235,4804255,119.07,C,15481,581,150,visa,281,debit,330,87,10,,gmail.com,,0.28,4,1,3,3,1,1,2,3,2,2,4,2,3,2,30,2,7,1,14,30,1,0,0,,0,,14,0,14,T,T,T,T,T,T,T,T,T
3000236,1851505,134.56,C,2385,485,150,discover,285,debit,299,87,10,,gmail.com,,0.197,1,2,1,4,2,3,3,4,1,3,3,4,2,1,-13,30,14,7,7,2,7,0,1,7,14,2,7,2,30,T,T,T,T,T,T,T,F,F
3000237,324347,296.47,W,13530,130,150,visa,230,debit,191,87,10,,yahoo.com,,0.344,2,2,4,2,1,2,4,4,2,1,4,3,4,3,-45,2,,1,0,2,30,14,14,7,,0,2,30,1,T,F,T,T,T,F,T,T,T
3000238,6113511,138.95,C,17014,114,150,mastercard,214,debit,330,87,10,,outlook.com,,0.089,2,2,4,1,1,4,4,2,4,2,4,4,1,3,37,7,2,30,30,2,14,2,14,2,14,30,1,1,2,T,T,T,T,F,F,T,T,T
3000239,5868035,115.47,C,13165,265,150,visa,265,credit,299,87,10,,aol.com,,0.124,3,1,1,4,2,1,3,2,3,1,2,3,3,4,58,30,2,2,14,,7,2,14,14,30,30,1,0,14,T,T,T,T,T,T,F,T,T
3000240,116786,395.85,W,6508,108,150,visa,208,debit,299,87,10,,yahoo.com,,0.215,4,4,4,4,3,3,3,1,2,2,3,2,4,4,-28,30,,2,30,0,14,7,30,2,1,0,,2,,T,T,T,T,F,T,T,T,T
3000241,8177184,101.24,C,12337,437,150,amex,237,debit,191,87,10,,hotmail.com,,0.242,3,1,3,4,4,1,3,3,1,1,4,4,4,2,47,30,,30,,14,,0,0,2,0,14,30,1,30,T,T,F,T,T,F,T,F,T
3000242,9529451,268.94,W,10092,192,150,visa,292,debit,330,87,10,,hotmail.com,,0.005,2,2,3,1,2,4,1,3,2,4,2,1,3,3,64,2,0,2,7,14,,30,0,14,7,0,0,0,1,T,T,T,T,T,F,T,T,T
3000243,3540189,378.21,C,9084,184,150,amex,284,credit,330,87,10,,gmail.com,,0.281,3,1,4,3,3,3,4,2,1,4,2,2,4,3,8,,30,,2,1,2,30,14,14,,30,,2,0,T,T,T,T,T,T,T,T,T
3000244,2480500,119.12,W,9461,561,150,visa,261,debit,299,87,10,,outlook.com,,0.0,4,4,3,3,1,2,3,3,2,4,2,1,4,4,-15,14,30,7,30,7,7,,1,2,30,2,14,2,7,T,T,T,T,T,F,T,T,T
3000245,10312310,310.01,H,2314,414,150,mastercard,214,debit,191,87,10,,hotmail.com,,0.266,3,1,1,3,2,3,4,4,2,4,1,2,2,2,70,2,0,1,1,,1,7,0,30,1,1,30,14,,T,T,F,T,T,T,T,T,T
3000246,1859582,57.97,S,16641,241,150,amex,241,credit,191,87,10,,yahoo.com,,0.067,4,4,1,3,4,1,2,2,2,3,3,3,1,4,-6,30,1,1,7,1,0,1,2,7,0,2,7,30,1,T,T,T,T,T,F,T,T,T
3000247,8996431,151.59,H,16234,334,150,amex,234,debit,204,87,10,,yahoo.com,,0.131,4,3,4,3,3,1,2,4,4,1,2,1,3,3,75,14,,14,30,,7,7,0,7,2,0,0,,7,T,T,T,T,T,T,T,T,T
3000248,2906997,148.24,R,13101,201,150,discover,201,debit,204,87,10,,aol.com,,0.024,2,1,1,2,2,4,4,3,3,4,2,4,1,1,-14,2,0,1,14,30,30,,0,7,14,30,0,2,30,T,T,T,T,T,F,F,T,T
3000249,283308,381.14,W,14131,231,150,mastercard,231,credit,191,87,10,,gmail.com,,0.142,3,2,3,1,4,2,3,3,1,4,2,1,4,2,-36,2,7,14,,30,2,0,1,1,0,30,2,1,0,T,T,T,T,T,T,T,F,T
3000250,6621550,261.21,R,16094,194,150,discover,294,credit,191,87,10,,outlook.com,,0.324,4,1,1,4,3,1,2,3,3,3,3,4,4,1,45,14,14,1,14,2,14,7,7,,0,,2,14,30,T,F,T,T,T,T,T,T,T
3000251,10265663,70.05,W,13297,397,150,mastercard,297,credit,191,87,10,,yahoo.com,,0.033,3,3,3,1,3,4,2,4,4,4,3,4,2,2,92,2,0,14,,2,,7,30,1,30,0,7,14,30,T,F,T,T,T,T,T,T,T
3000252,2243416,31.04,C,14444,544,150,visa,244,credit,299,87,10,,aol.com,,0.004,1,4,2,2,4,3,2,2,4,2,3,2,3,1,18,1,14,7,7,1,30,14,7,1,,1,7,14,30,T,T,T,T,T,T,T,T,T
3000253,9697675,113.05,W,11854,454,150,visa,254,credit,191,87,10,,aol.com,,0.142,4,1,3,4,1,3,4,4,4,1,1,2,3,1,68,1,2,7,30,2,1,1,,7,1,2,0,2,30,T,T,F,T,T,T,T,T,T
3000254,8485552,76.25,R,2171,271,150,mastercard,271,debit,204,87,10,,yahoo.com,,0.105,2,3,4,3,2,1,2,3,2,1,3,3,4,4,88,1,2,30,1,14,,14,2,14,2,7,,7,30,T,T,T,T,T,T,T,T,T
3000255,2050638,360.91,R,16795,395,150,visa,295,debit,299,87,10,,hotmail.com,,0.44,2,3,1,4,1,3,1,3,1,1,4,2,2,3,-12,30,1,30,30,,1,1,30,30,7,1,0,14,2,T,T,T,T,F,T,T,T,T
3000256,8129945,364.33,C,7226,326,150,discover,226,debit,330,87,10,,gmail.com,,0.176,4,1,4,2,1,2,4,3,1,4,1,4,2,4,75,2,,7,14,2,7,30,1,2,14,7,14,2,30,T,T,T,T,F,T,F,T,F
3000257,3837682,277.58,W,9159,259,150,amex,259,debit,299,87,10,,outlook.com,,0.018,2,1,2,2,3,3,3,4,1,3,2,2,3,2,-6,,7,,1,,1,14,30,1,2,14,7,30,14,F,T,T,T,T,T,T,F,T
3000258,2626452,199.35,R,9827,427,150,visa,227,credit,330,87,10,,yahoo.com,,0.147,3,2,4,3,1,2,2,3,3,3,1,3,4,4,20,14,14,30,1,,1,14,14,7,,2,0,0,1,T,T,T,T,T,T,T,F,T
3000259,8112917,198.55,H,16718,318,150,mastercard,218,debit,191,87,10,,yahoo.com,,0.186,3,4,2,2,3,2,1,4,2,3,3,3,1,2,82,,0,,,30,30,30,2,,2,,7,30,1,T,T,T,F,T,T,T,T,F
3000260,5145074,146.54,R,8460,560,150,amex,260,debit,330,87,10,,aol.com,,0.143,4,1,3,4,3,3,1,1,1,1,2,1,4,2,18,0,,30,7,,2,7,7,30,1,30,2,0,1,T,F,F,T,T,T,F,T,T
3000261,5931875,357.97,S,15878,478,150,amex,278,debit,191,87,10,,gmail.com,,0.068,2,2,2,3,2,1,1,1,2,3,1,3,3,2,15,1,1,2,1,7,2,1,1,,2,0,1,7,0,F,T,T,T,T,T,T,T,T
3000262,4952139,164.56,H,1833,433,150,mastercard,233,debit,191,87,10,,outlook.com,,0.208,4,3,3,4,2,2,1,3,4,3,1,4,1,1,43,,7,7,,0,2,2,2,,0,7,,30,2,T,T,T,T,T,T,T,T,T
3000263,7341955,327.86,R,3767,367,150,amex,267,credit,330,87,10,,gmail.com,,0.165,4,2,4,2,2,2,2,3,1,2,1,4,2,3,29,30,2,,2,14,2,0,,0,2,0,7,0,30,T,T,T,T,T,T,T,F,T
3000264,1091834,395.51,W,8297,397,150,mastercard,297,credit,191,87,10,,outlook.com,,0.135,3,1,4,4,2,2,2,2,2,2,1,1,4,3,-21,0,1,1,2,1,30,30,2,2,30,7,30,14,14,T,T,T,T,T,T,T,T,T
3000265,8484463,144.62,W,9740,340,150,amex,240,debit,191,87,10,,gmail.com,,0.103,4,4,2,4,3,4,1,3,3,3,2,3,3,4,57,14,7,30,0,30,,2,,14,2,0,,2,7,T,T,F,T,T,T,T,F,T
3000266,6145274,387.19,S,15292,392,150,mastercard,292,debit,299,87,10,,outlook.com,,0.198,3,2,2,3,2,1,2,2,2,4,2,3,1,4,29,7,14,7,7,7,2,1,30,2,0,0,2,30,14,T,T,T,T,T,T,T,T,T
3000267,744988,73.32,C,3189,289,150,mastercard,289,debit,191,87,10,,yahoo.com,,0.08,4,2,3,3,1,1,3,1,4,2,4,3,1,4,-2,0,,30,2,2,0,7,,2,0,30,7,7,14,T,T,T,T,F,T,T,T,T
3000268,8505355,105.36,W,16967,567,150,amex,267,credit,204,87,10,,aol.com,,0.158,3,3,4,3,3,1,1,1,4,2,4,2,4,3,96,,,30,7,14,14,,14,7,14,14,,30,7,T,T,T,T,T,T,T,F,F
3000269,6406040,64.64,S,4230,330,150,discover,230,debit,191,87,10,,outlook.com,,0.16,2,2,1,3,1,3,4,1,4,3,3,3,3,2,19,7,,0,2,7,30,30,2,,,1,1,14,,T,F,T,T,T,T,F,T,T
3000270,8260601,306.26,C,11547,147,150,amex,247,credit,191,87,10,,gmail.com,,0.037,2,4,2,3,4,3,3,4,3,2,2,3,1,1,91,14,2,14,30,30,14,2,,14,14,1,7,14,30,T,T,T,T,T,T,F,T,T
3000271,10245694,59.38,R,5359,459,150,mastercard,259,debit,204,87,10,,hotmail.com,,0.362,4,2,2,1,3,2,1,4,4,4,2,4,2,4,98,14,7,30,2,30,,2,,,2,7,2,2,1,T,T,F,T,T,T,T,T,T
3000272,7707228,142.23,C,3524,124,150,mastercard,224,credit,299,87,10,,gmail.com,,0.09,3,1,4,4,4,4,1,2,1,4,1,3,4,2,41,30,2,0,30,2,14,2,30,0,30,14,7,7,30,T,T,T,T,T,T,T,T,T
3000273,2478459,137.73,C,13984,584,150,visa,284,debit,191,87,10,,yahoo.com,,0.117,4,2,2,2,2,2,1,4,1,3,1,1,4,4,-28,7,7,30,7,1,,2,1,0,2,2,1,30,7,T,T,T,T,T,F,T,T,T
3000274,2107744,172.54,C,3973,573,150,visa,273,debit,330,87,10,,gmail.com,,0.053,3,4,3,1,3,1,2,2,4,2,2,3,1,2,-15,2,14,1,7,30,,,1,14,1,,,7,0,T,T,T,F,T,T,F,T,T
3000275,5183909,228.23,W,12055,155,150,visa,255,debit,204,87,10,,hotmail.com,,0.05,3,4,2,3,3,2,4,2,3,4,4,4,4,1,16,0,7,0,2,14,7,14,7,2,7,,,2,,T,T,T,T,T,F,F,T,T
3000276,2171689,136.71,S,2364,464,150,mastercard,264,credit,299,87,10,,hotmail.com,,0.234,1,2,1,4,2,2,3,1,2,4,2,1,1,4,-33,30,0,2,0,1,30,,,2,1,7,,1,2,T,T,F,T,T,T,F,T,T
3000277,1746568,247.53,H,2466,566,150,discover,266,credit,330,87,10,,yahoo.com,,0.083,1,4,1,4,2,2,1,1,1,2,4,1,2,3,-28,30,2,30,30,30,7,2,14,2,2,,14,2,0,T,T,T,T,F,T,T,T,T
3000278,482864,90.1,W,8492,592,150,amex,292,debit,299,87,10,,outlook.com,,0.086,1,2,3,3,2,3,4,2,1,4,4,2,3,1,-28,1,30,1,2,30,30,7,0,,7,0,,1,14,T,T,T,T,F,T,T,T,T
3000279,1713312,386.39,H,6278,378,150,discover,278,debit,204,87,10,,aol.com,,0.321,2,1,1,1,4,4,3,4,4,2,4,3,3,4,-28,1,7,14,2,1,1,2,30,30,1,7,2,1,2,T,T,T,F,T,T,F,F,F
3000280,4720352,195.02,H,14297,397,150,amex,297,credit,191,87,10,,outlook.com,,0.214,4,3,3,2,4,2,4,1,4,3,4,1,2,2,43,14,1,30,7,14,7,1,7,0,30,1,7,14,30,T,T,T,T,T,T,T,T,T
3000281,7223874,238.53,R,6107,207,150,visa,207,debit,191,87,10,,yahoo.com,,0.172,1,1,1,3,1,3,3,2,2,2,3,1,3,3,57,,7,7,2,30,1,2,2,0,,14,1,1,1,T,T,T,T,T,T,T,T,T
3000282,1128361,71.53,H,15578,178,150,discover,278,credit,191,87,10,,outlook.com,,0.085,3,1,3,1,2,2,3,4,2,1,2,3,3,1,-20,14,,7,0,14,14,7,1,2,,2,1,14,2,T,T,T,T,T,T,T,T,F
3000283,5484955,364.21,R,1768,368,150,visa,268,debit,330,87,10,,outlook.com,,0.234,3,4,2,4,4,4,1,3,4,3,3,4,4,3,5,2,30,2,14,1,7,2,2,0,7,30,0,,30,T,T,T,T,T,T,T,F,T
3000284,9950879,28.74,C,17672,272,150,visa,272,debit,204,87,10,,yahoo.com,,0.178,4,3,1,1,1,2,2,1,2,1,1,1,4,2,70,0,30,0,7,2,30,14,1,7,,1,30,7,14,F,T,T,T,T,T,F,F,T
3000285,2956460,353.71,W,7478,578,150,discover,278,credit,204,87,10,,yahoo.com,,0.081,3,2,1,3,3,2,1,1,1,4,3,1,4,1,-9,,30,7,0,30,30,0,2,14,,2,30,30,14,T,T,T,T,T,T,T,T,T
3000286,8163420,191.3,H,9599,199,150,amex,299,credit,330,87,10,,outlook.com,,0.115,4,4,4,2,2,4,4,1,2,3,4,2,4,3,77,7,,,30,1,1,14,1,1,0,0,7,7,1,T,T,T,T,T,T,T,T,T
3000287,5581010,80.16,R,1710,310,150,amex,210,credit,299,87,10,,yahoo.com,,0.263,3,2,2,4,2,4,4,1,3,2,3,3,4,1,63,1,14,2,2,30,2,,30,,1,2,14,7,0,T,T,T,T,T,T,F,T,F
3000288,2792253,378.94,C,14664,264,150,mastercard,264,debit,330,87,10,,outlook.com,,0.056,2,4,4,1,3,1,4,2,3,1,4,4,3,1,18,7,,1,,,2,30,1,2,,,0,7,1,T,T,T,T,T,T,T,T,T
3000289,4055750,203.37,R,11722,322,150,mastercard,222,credit,191,87,10,,hotmail.com,,0.208,2,4,4,1,3,3,2,2,3,1,1,4,1,3,29,,1,7,30,7,14,1,14,7,,2,0,2,7,T,T,T,T,T,T,T,T,T
3000290,1682922,336.09,H,13085,185,150,visa,285,debit,204,87,10,,outlook.com,,0.226,4,1,1,2,2,1,2,2,1,3,3,3,1,4,-33,,0,7,7,14,0,14,7,30,,7,30,1,14,T,T,T,T,F,T,T,T,T
3000291,7200759,201.9,C,2719,319,150,visa,219,debit,299,87,10,,aol.com,,0.345,2,1,2,2,4,1,3,1,3,2,4,2,2,1,62,30,14,2,2,14,2,14,7,1,,1,,14,2,T,T,T,T,T,T,F,T,T
3000292,569184,325.76,C,4692,292,150,amex,292,debit,299,87,10,,aol.com,,0.203,1,3,1,2,2,3,2,4,4,3,4,4,2,4,3,14,14,2,,30,,1,0,14,0,0,,0,14,T,T,T,T,T,T,T,T,T
3000293,10368001,135.31,C,9986,586,150,visa,286,credit,204,87,10,,gmail.com,,0.036,2,3,4,2,1,1,4,2,1,1,1,2,4,3,118,0,30,14,7,0,30,30,1,1,0,7,30,7,0,T,T,T,T,T,T,T,T,F
3000294,4602140,389.7,S,16260,360,150,discover,260,debit,204,87,10,,gmail.com,,0.255,1,4,4,2,1,3,3,1,3,4,4,2,3,3,4,14,14,1,2,30,30,2,7,1,14,7,2,7,2,T,T,T,T,T,T,T,T,T
3000295,7587876,174.97,R,17204,304,150,mastercard,204,credit,299,87,10,,hotmail.com,,0.2,2,2,2,4,1,4,1,1,1,1,3,2,2,3,65,0,2,30,,,2,14,7,14,30,,7,1,14,T,T,T,T,T,T,T,T,T
3000296,2589547,264.68,C,4487,587,150,mastercard,287,debit,299,87,10,,gmail.com,,0.138,2,1,1,1,3,1,2,2,1,1,3,4,1,4,-29,30,7,0,30,14,2,2,7,2,1,2,7,14,14,T,T,T,T,T,T,T,T,T
3000297,7581200,391.27,R,2372,472,150,discover,272,debit,191,87,10,,outlook.com,,0.038,4,3,1,1,2,1,4,4,3,2,4,1,3,3,38,,30,,7,1,14,7,0,0,30,1,14,,30,T,T,T,T,T,T,T,T,T
3000298,5465995,362.86,R,17932,532,150,mastercard,232,credit,299,87,10,,gmail.com,,0.15,1,3,2,2,3,4,2,4,1,1,2,2,2,1,33,7,2,,30,7,0,30,14,30,2,30,14,0,7,T,T,F,T,T,T,T,F,T
3000299,366833,52.82,S,4965,565,150,discover,265,debit,330,87,10,,aol.com,,0.181,3,1,1,1,3,1,3,2,3,2,4,2,2,4,-4,7,1,0,1,7,14,30,30,14,,,0,1,30,T,F,T,T,T,T,T,T,T
3000300,9599312,201.52,W,5764,364,150,discover,264,debit,299,87,10,,yahoo.com,,0.223,2,3,4,4,2,2,4,4,2,2,3,4,1,4,94,0,7,0,14,0,30,,1,,30,0,2,2,7,T,T,T,T,T,T,T,F,T
3000301,3439761,250.01,H,12189,289,150,discover,289,credit,191,87,10,,outlook.com,,0.356,1,3,3,3,3,2,3,3,2,2,3,3,2,3,-10,30,7,2,2,14,7,30,30,1,,14,,1,,T,T,T,T,T,T,T,T,T
3000302,7650580,290.8,S,7224,324,150,mastercard,224,credit,330,87,10,,yahoo.com,,0.035,3,2,4,4,3,4,3,2,3,1,3,1,4,4,71,0,1,,2,7,7,14,14,,2,14,14,7,1,T,T,T,T,T,T,T,T,T
3000303,4067943,35.59,S,5027,127,150,amex,227,credit,330,87,10,,yahoo.com,,0.202,4,2,2,2,3,3,2,2,1,3,2,2,4,2,21,14,0,1,0,14,30,14,2,,7,0,0,1,,T,T,T,T,T,T,F,T,T
3000304,6558606,342.84,H,15260,360,150,amex,260,debit,299,87,10,,yahoo.com,,0.174,4,4,3,3,1,4,4,4,2,3,2,1,4,2,74,7,1,1,2,2,7,2,1,30,2,1,7,14,7,F,F,T,T,T,T,T,T,T
3000305,7179679,191.85,R,8997,597,150,mastercard,297,debit,330,87,10,,outlook.com,,0.187,2,2,1,4,3,1,2,1,2,1,1,3,1,3,69,1,2,1,,7,2,,1,1,7,2,1,14,0,F,T,T,T,T,T,T,T,T
3000306,6479402,317.58,C,2708,308,150,mastercard,208,debit,330,87,10,,aol.com,,0.037,4,3,2,2,2,2,1,3,2,3,1,1,4,2,59,0,7,1,,1,1,,14,,2,14,,2,7,T,T,T,F,T,T,F,T,T
3000307,7981334,81.59,H,4600,200,150,amex,200,credit,299,87,10,,gmail.com,,0.122,3,4,2,4,2,1,2,1,3,3,1,4,4,4,37,2,0,2,7,1,,0,1,7,,30,,1,7,T,T,T,T,T,T,T,T,T
3000308,7297180,170.62,C,5582,182,150,mastercard,282,debit,204,87,10,,yahoo.com,,0.128,3,3,1,3,4,4,4,1,3,3,4,1,4,1,52,2,1,2,14,1,0,0,1,30,30,14,2,0,0,T,T,T,T,T,T,T,T,T
3000309,8966963,242.54,H,2668,268,150,amex,268,debit,204,87,10,,aol.com,,0.3,2,2,1,4,3,4,2,1,1,3,1,2,2,4,101,1,7,,,1,7,14,14,2,1,0,0,1,,T,T,F,T,T,T,T,T,T
3000310,8735062,103.26,C,16815,415,150,amex,215,credit,191,87,10,,gmail.com,,0.015,2,3,2,2,1,4,4,3,3,3,4,4,1,3,57,,2,0,,1,14,1,,,1,1,7,1,0,F,T,T,T,T,T,T,T,T
3000311,4631609,179.33,C,12894,494,150,amex,294,debit,191,87,10,,gmail.com,,0.126,4,4,4,2,4,4,2,3,2,2,3,2,3,4,9,0,0,0,0,,30,0,1,14,7,7,0,,,T,T,F,T,T,T,T,T,T
3000312,148162,87.48,C,2682,282,150,visa,282,debit,330,87,10,,hotmail.com,,0.193,1,2,2,4,4,1,3,3,1,3,2,1,4,3,-41,30,,30,14,0,7,14,1,30,2,0,7,,2,T,T,T,T,F,T,T,F,T
3000313,2738861,76.51,S,7899,499,150,visa,299,credit,204,87,10,,yahoo.com,,0.177,2,4,1,3,2,4,2,3,1,1,1,3,4,2,4,7,7,30,7,,30,,2,7,1,,2,30,30,F,T,T,F,T,T,T,T,T
3000314,107919,382.63,H,7028,128,150,visa,228,debit,204,87,10,,outlook.com,,0.19,3,3,3,3,1,1,4,2,2,2,3,3,4,2,-20,,30,,0,7,30,14,14,2,14,,7,0,2,T,T,F,T,T,T,T,T,T
3000315,10021466,343.82,S,10839,439,150,amex,239,credit,330,87,10,,outlook.com,,0.223,1,3,1,4,2,3,1,2,4,3,2,2,1,4,99,2,30,1,7,0,0,1,30,30,2,1,30,2,30,T,T,F,T,T,T,T,T,T
3000316,2354283,157.34,R,14973,573,150,amex,273,debit,330,87,10,,aol.com,,0.013,1,4,3,1,4,1,4,3,1,3,1,3,2,4,17,1,14,2,30,0,14,,,,0,0,1,1,2,T,T,F,T,T,T,T,F,T
3000317,5439581,153.53,H,7362,462,150,discover,262,credit,204,87,10,,aol.com,,0.086,4,3,3,2,1,1,4,2,1,3,1,3,3,4,25,,0,2,,7,0,1,,0,14,14,14,,0,T,T,T,T,T,T,T,T,T
3000318,3288303,346.29,W,14947,547,150,amex,247,credit,330,87,10,,yahoo.com,,0.251,1,1,3,3,2,1,2,1,3,1,1,3,3,3,4,1,14,1,14,,0,1,0,2,2,,,14,,T,T,T,T,T,T,T,T,T
3000319,9057550,375.38,S,3610,210,150,visa,210,debit,330,87,10,,gmail.com,,0.253,4,1,4,3,4,1,3,2,2,1,3,2,2,1,78,,0,7,1,30,30,1,1,30,,,30,14,1,T,T,F,T,T,T,T,F,F
3000320,1608221,390.01,H,12280,380,150,amex,280,debit,330,87,10,,hotmail.com,,0.04,2,1,2,2,1,2,2,1,1,4,2,2,3,1,9,0,30,1,30,0,,30,0,7,0,2,1,7,1,T,T,T,T,T,T,T,T,T
3000321,9725133,143.54,R,5038,138,150,visa,238,credit,191,87,10,,yahoo.com,,0.001,1,4,4,2,1,1,4,3,2,4,1,3,2,3,98,1,7,,0,7,,,14,0,14,7,2,2,30,T,T,T,T,T,T,T,T,T
3000322,9393699,386.13,R,10031,131,150,visa,231,credit,299,87,10,,outlook.com,,0.243,3,3,1,3,3,4,1,1,1,2,3,3,2,2,78,7,14,0,1,0,2,,30,,14,7,14,2,0,T,T,F,T,T,T,T,T,T
3000323,4295446,257.36,R,4148,248,150,visa,248,debit,330,87,10,,outlook.com,,0.232,4,4,1,1,4,2,2,2,2,3,1,1,3,1,33,7,0,2,30,14,7,1,0,2,1,14,0,0,,T,T,T,T,T,T,F,T,T
3000324,580791,281.82,S,8903,503,150,visa,203,credit,299,87,10,,gmail.com,,0.082,3,3,4,2,1,1,1,3,2,2,2,2,1,2,-40,,1,1,1,2,7,0,30,7,1,14,1,0,0,T,T,T,T,T,F,T,T,T
3000325,4142999,307.5,H,7690,290,150,mastercard,290,debit,299,87,10,,gmail.com,,0.166,1,2,4,1,4,2,2,3,3,4,2,2,4,4,35,14,,,7,2,2,2,14,1,30,,,,0,T,T,T,T,F,T,T,T,F
3000326,8623782,196.65,W,13305,405,150,mastercard,205,debit,204,87,10,,yahoo.com,,0.077,2,2,2,2,1,1,2,1,3,1,3,3,3,2,66,1,0,7,7,,,1,1,,,1,30,30,0,T,T,T,T,F,T,T,T,T
3000327,433511,316.42,W,1981,581,150,amex,281,debit,204,87,10,,hotmail.com,,0.179,1,2,3,3,4,1,3,3,3,2,1,2,4,3,-25,14,,0,1,1,,,2,14,14,,0,2,7,T,T,T,F,T,T,T,T,T
3000328,4128418,124.53,C,3906,506,150,discover,206,debit,191,87,10,,outlook.com,,0.032,1,4,1,4,2,2,4,4,3,1,2,2,1,1,7,,0,0,,7,2,,14,0,14,14,30,0,2,T,T,T,T,T,T,T,T,T
3000329,6196481,209.41,H,6814,414,150,amex,214,credit,299,87,10,,aol.com,,0.281,3,2,1,2,4,2,3,4,2,1,3,3,1,4,69,0,,7,2,30,7,1,2,,2,,2,,,T,T,T,T,T,T,T,T,T
3000330,4273934,176.25,R,16395,495,150,mastercard,295,credit,330,87,10,,aol.com,,0.089,3,2,4,1,3,1,3,1,3,2,2,2,2,3,44,,14,2,14,2,30,0,7,30,1,,1,,0,T,T,T,T,T,T,T,T,T
3000331,5558014,71.19,W,7487,587,150,discover,287,debit,191,87,10,,gmail.com,,0.137,1,2,2,1,1,1,3,4,1,2,1,2,4,3,51,30,30,7,2,30,2,,14,0,30,7,0,14,30,T,T,T,T,T,T,T,T,T
3000332,1562794,48.98,S,12330,430,150,mastercard,230,credit,204,87,10,,gmail.com,,0.215,2,2,2,2,2,1,2,4,3,3,3,4,1,1,-22,0,30,30,,30,2,1,14,14,7,30,0,,2,T,T,T,F,T,T,T,T,F
3000333,8642355,376.76,W,14976,576,150,visa,276,debit,299,87,10,,hotmail.com,,0.38,2,3,3,3,1,4,2,4,1,4,4,4,2,2,88,,2,2,30,0,0,1,2,14,0,,14,7,,T,T,F,T,F,T,T,T,T
3000334,5428927,299.93,S,8779,379,150,visa,279,credit,299,87,10,,outlook.com,,0.065,1,3,3,2,1,4,3,2,4,4,4,3,4,1,44,2,1,14,,2,14,7,30,14,1,1,2,14,0,F,T,T,T,F,T,T,T,T
3000335,8658519,314.98,W,10647,247,150,mastercard,247,credit,191,87,10,,aol.com,,0.01,2,2,3,3,2,2,1,3,1,3,4,1,2,4,58,0,14,,,,1,7,14,,2,14,30,1,7,T,T,T,T,F,T,T,F,T
3000336,6443184,150.99,W,13531,131,150,visa,231,credit,299,87,10,,gmail.com,,0.216,2,3,4,2,2,3,3,1,1,2,4,2,1,1,70,,14,7,14,7,7,0,0,0,,,7,14,1,T,T,F,T,T,T,T,T,T
3000337,3365757,250.48,H,3624,224,150,amex,224,debit,191,87,10,,yahoo.com,,0.216,4,4,4,3,4,2,1,4,2,4,4,2,2,3,-6,14,,0,30,,7,30,30,,7,7,0,1,14,T,T,T,T,T,T,F,T,T
3000338,8588143,28.64,S,3188,288,150,discover,288,debit,330,87,10,,gmail.com,,0.068,4,1,4,1,2,2,1,1,2,1,4,1,2,4,71,,14,30,2,1,7,7,14,14,2,7,0,1,1,T,T,T,F,T,T,T,T,T
3000339,3350081,36.34,R,13962,562,150,mastercard,262,debit,204,87,10,,yahoo.com,,0.202,1,1,2,1,4,2,1,2,3,4,2,3,4,4,-5,,7,,,1,,,14,1,0,,14,1,14,T,T,T,T,T,T,T,T,T
3000340,389964,106.99,H,14383,483,150,discover,283,debit,204,87,10,,outlook.com,,0.034,4,2,1,3,1,4,2,1,2,2,2,3,3,2,-32,7,30,,30,2,0,,2,14,7,0,30,2,7,T,T,T,T,T,T,T,T,T
3000341,2734755,256.91,W,9798,398,150,amex,298,credit,299,87,10,,yahoo.com,,0.053,2,3,3,1,1,3,3,4,4,1,4,1,3,2,7,14,7,7,7,7,1,14,,30,1,0,14,7,2,T,F,T,F,T,T,T,T,T
3000342,8117489,272.2,H,3080,180,150,amex,280,debit,191,87,10,,aol.com,,0.095,4,1,3,1,4,2,2,3,1,3,1,3,4,4,46,14,2,30,7,14,0,0,30,0,1,2,14,1,,T,T,T,T,T,T,T,T,T
3000343,3056926,89.37,H,13272,372,150,discover,272,debit,299,87,10,,yahoo.com,,0.018,2,1,3,4,2,3,1,3,2,3,4,2,3,4,29,14,1,7,14,1,,30,1,2,14,14,,30,2,T,T,T,T,T,T,T,T,T
3000344,6867600,307.28,R,1512,112,150,discover,212,debit,330,87,10,,yahoo.com,,0.13,1,2,3,2,3,1,1,3,2,4,3,1,3,3,49,0,2,,2,1,0,1,30,1,2,14,1,,7,F,T,T,T,T,T,F,T,T
3000345,2734269,189.98,S,4190,290,150,visa,290,credit,330,87,10,,yahoo.com,,0.141,1,2,4,1,3,3,2,2,3,4,2,2,3,4,-24,0,2,,,14,14,7,,,7,14,7,2,2,T,T,F,T,T,F,T,T,T
3000346,8806832,129.45,S,11398,498,150,visa,298,debit,299,87,10,,hotmail.com,,0.17,3,3,2,2,1,2,2,1,3,3,1,2,1,3,83,7,0,14,1,30,30,7,14,30,1,30,0,2,2,T,T,T,T,T,T,T,T,T
3000347,4396865,255.59,C,13552,152,150,mastercard,252,credit,191,87,10,,outlook.com,,0.136,3,2,1,2,2,1,2,2,1,2,2,2,1,3,15,0,0,7,30,0,0,14,1,7,2,7,1,1,30,T,T,T,T,T,T,T,T,T
3000348,5983234,311.44,H,1793,393,150,mastercard,293,debit,204,87,10,,outlook.com,,0.085,3,2,1,4,4,2,1,4,1,2,4,1,4,2,10,7,30,1,1,7,,30,30,1,14,30,14,1,,T,T,T,T,T,T,T,T,T
3000349,8942054,269.75,C,14995,595,150,amex,295,credit,299,87,10,,yahoo.com,,0.002,1,4,4,4,2,2,4,3,2,1,3,3,3,4,92,30,30,0,1,7,14,,,,14,7,0,1,14,T,T,T,T,T,T,T,T,T
3000350,734599,113.67,S,6311,411,150,mastercard,211,debit,191,87,10,,aol.com,,0.062,1,1,2,3,4,1,2,2,1,1,3,4,4,4,-17,30,1,30,30,30,30,2,30,14,2,1,1,30,14,T,T,T,T,T,T,T,T,T
3000351,2248672,125.69,W,2325,425,150,mastercard,225,credit,330,87,10,,gmail.com,,0.063,1,1,3,2,4,3,2,1,2,1,4,4,1,2,16,14,7,0,14,0,1,7,0,30,1,30,1,0,1,T,T,T,T,T,T,T,F,T
3000352,4506497,69.21,C,13536,136,150,mastercard,236,debit,204,87,10,,gmail.com,,0.407,3,2,4,4,3,2,1,2,4,3,1,2,3,2,10,0,2,0,,14,30,7,30,14,1,2,,0,14,T,F,T,T,T,T,T,T,T
3000353,1806161,128.95,S,5411,511,150,amex,211,debit,299,87,10,,hotmail.com,,0.309,4,1,1,2,4,1,2,3,2,4,3,3,3,4,-7,,1,1,,0,2,0,30,,1,0,1,7,0,T,T,T,T,T,T,F,T,T
3000354,4829438,28.5,C,15130,230,150,visa,230,debit,299,87,10,,yahoo.com,,0.316,3,1,2,1,1,1,3,4,4,4,3,4,3,1,49,7,14,30,,2,2,2,7,,1,1,2,7,,T,T,T,F,T,T,T,T,T
3000355,9039676,230.46,W,1873,473,150,visa,273,credit,191,87,10,,yahoo.com,,0.248,1,4,1,2,1,4,4,1,2,1,4,2,3,1,92,,,2,2,14,2,7,2,1,,7,1,0,30,T,F,F,F,T,T,F,T,T
3000356,372412,65.79,W,17258,358,150,discover,258,credit,330,87,10,,yahoo.com,,0.221,2,1,3,1,2,2,4,1,1,1,3,4,4,4,-25,2,2,30,14,0,,0,,0,0,7,14,7,30,T,T,T,T,T,T,T,T,T
3000357,2773421,140.33,S,11323,423,150,mastercard,223,credit,204,87,10,,aol.com,,0.193,4,1,4,4,3,1,4,4,1,2,2,4,3,1,0,7,14,2,1,1,,1,,2,7,1,1,30,30,T,T,T,T,T,T,T,T,T
3000358,6554509,366.55,S,10473,573,150,discover,273,debit,191,87,10,,gmail.com,,0.231,1,1,4,1,2,1,3,1,1,2,3,4,2,1,21,7,0,30,,14,14,30,14,2,30,14,0,,,F,T,T,T,T,T,T,T,F
3000359,4204565,374.35,W,17608,208,150,visa,208,debit,330,87,10,,aol.com,,0.108,2,4,3,2,4,2,4,4,4,1,3,1,3,2,33,0,2,,0,,14,7,0,2,7,0,7,14,30,F,T,T,F,T,T,T,F,T
3000360,3367085,37.16,S,6954,554,150,discover,254,debit,191,87,10,,hotmail.com,,0.14,2,3,1,4,2,2,3,2,4,3,2,1,2,3,5,7,14,30,14,1,14,0,7,1,2,7,7,1,,T,T,T,T,T,T,T,T,T
3000361,4754890,256.83,C,3233,333,150,discover,233,debit,204,87,10,,aol.com,,0.243,2,2,4,4,1,3,2,2,1,3,3,1,4,3,28,,30,0,1,2,2,,2,7,1,2,0,14,0,T,T,T,T,T,T,T,T,T
3000362,9702129,284.87,R,2034,134,150,visa,234,debit,204,87,10,,aol.com,,0.189,4,4,2,1,3,1,4,3,4,1,2,3,2,4,73,7,2,14,7,14,30,14,14,,1,30,14,7,30,T,T,T,T,T,T,F,T,T
3000363,10434417,164.84,W,11211,311,150,discover,211,credit,330,87,10,,hotmail.com,,0.053,2,4,1,3,1,1,4,1,4,1,2,4,2,4,89,1,7,30,30,1,0,14,14,2,2,2,14,0,7,T,T,T,F,T,T,T,T,T
3000364,10244527,399.48,R,10611,211,150,discover,211,credit,191,87,10,,outlook.com,,0.384,1,4,3,3,2,2,1,4,2,2,3,3,4,4,80,1,,30,1,,7,2,30,2,0,0,7,30,2,T,F,T,T,F,T,T,T,T
3000365,10288638,23.48,C,8500,100,150,amex,200,debit,204,87,10,,yahoo.com,,0.265,4,1,1,1,2,3,1,1,3,3,4,1,1,1,81,7,14,14,7,7,30,7,14,1,1,,0,1,14,T,T,T,T,T,T,T,T,T
3000366,4926585,373.77,R,12742,342,150,amex,242,debit,191,87,10,,yahoo.com,,0.098,4,3,2,4,3,4,1,4,3,2,3,3,2,3,55,0,30,14,30,,1,14,2,2,2,,,2,0,T,T,T,T,T,F,T,T,F
3000367,2891242,268.07,C,15065,165,150,visa,265,credit,299,87,10,,gmail.com,,0.12,4,4,2,2,3,2,4,2,1,2,4,2,1,4,17,30,0,30,14,0,,,0,14,,7,1,,0,F,T,T,T,T,T,T,T,T
3000368,482674,251.37,C,7368,468,150,visa,268,debit,330,87,10,,aol.com,,0.281,4,4,4,3,1,4,3,2,3,3,3,3,3,3,-40,0,,14,1,,14,2,30,0,7,14,14,1,7,T,T,T,T,T,T,F,T,T
3000369,256920,280.77,R,4511,111,150,mastercard,211,debit,299,87,10,,aol.com,,0.158,3,3,4,2,4,1,3,4,2,3,4,2,1,1,-12,30,14,14,30,7,30,2,1,2,1,1,,14,30,T,T,T,T,T,T,T,T,T
3000370,5819662,110.54,W,6332,432,150,visa,232,debit,299,87,10,,gmail.com,,0.065,2,2,1,1,1,1,2,2,2,1,1,1,4,4,22,7,0,0,0,14,,30,14,30,,14,,30,7,T,T,T,T,T,T,T,T,T
3000371,6145359,330.78,W,1367,467,150,discover,267,credit,330,87,10,,gmail.com,,0.194,4,2,2,3,3,4,3,1,1,1,2,1,4,4,14,0,2,,,2,2,30,14,7,7,,0,2,0,T,T,T,T,T,T,F,T,F
3000372,4889509,180.39,W,15283,383,150,visa,283,credit,204,87,10,,gmail.com,,0.26,3,1,4,3,4,1,1,3,2,4,4,2,3,2,22,14,30,14,14,14,7,1,7,14,7,,0,14,1,T,T,T,T,T,T,T,T,T
3000373,5339755,398.1,S,4876,476,150,mastercard,276,debit,204,87,10,,hotmail.com,,0.076,1,2,4,3,4,2,4,1,3,1,1,3,2,1,53,7,2,2,14,2,0,7,7,7,2,30,0,30,30,F,T,T,T,T,T,T,F,T
3000374,6763432,317.94,W,13618,218,150,visa,218,credit,299,87,10,,hotmail.com,,0.033,1,3,3,3,2,1,3,3,3,4,1,3,4,2,75,,14,1,1,,,2,7,,0,30,14,0,30,F,T,T,T,T,T,T,T,T
3000375,2053142,81.92,R,16401,501,150,discover,201,debit,204,87,10,,gmail.com,,0.05,4,3,1,4,1,1,3,1,1,1,3,1,2,4,-32,0,,30,0,2,1,7,0,30,0,30,2,1,,F,T,T,T,T,T,T,T,T
3000376,9233047,71.74,W,2744,344,150,amex,244,credit,204,87,10,,outlook.com,,0.111,3,2,2,4,4,2,4,3,2,3,3,4,1,4,93,30,0,14,,30,14,1,7,1,,2,,14,0,F,T,T,F,T,T,T,T,F
3000377,465792,146.27,S,3317,417,150,mastercard,217,credit,191,87,10,,yahoo.com,,0.268,2,4,1,4,3,4,1,4,4,2,2,3,3,2,-16,2,1,2,,1,7,,30,,2,7,1,14,0,T,F,T,T,T,T,T,T,T
3000378,9130239,372.26,W,15598,198,150,amex,298,credit,191,87,10,,hotmail.com,,0.32,1,1,4,3,1,1,2,1,1,1,4,4,1,1,80,2,,2,30,7,30,7,0,30,30,1,1,30,0,T,T,F,T,T,T,T,F,F
3000379,10225845,139.75,W,13155,255,150,discover,255,debit,299,87,10,,gmail.com,,0.233,1,3,1,3,2,2,3,3,4,3,1,4,3,1,71,7,0,,7,30,1,,1,7,14,14,0,2,30,T,T,T,T,T,T,T,T,F
3000380,7174876,367.11,W,12998,598,150,amex,298,credit,204,87,10,,gmail.com,,0.104,2,1,2,4,1,3,1,1,3,1,2,3,2,3,57,,,1,2,30,14,2,1,0,2,7,0,0,0,T,T,T,T,T,T,T,T,F
3000381,7173719,171.16,S,1427,527,150,mastercard,227,debit,204,87,10,,gmail.com,,0.089,3,3,3,2,1,1,4,4,4,4,2,3,3,1,65,1,30,2,,0,0,7,1,7,2,2,1,7,1,T,T,T,F,T,T,T,T,T
3000382,779596,300.15,W,4121,221,150,visa,221,debit,204,87,10,,outlook.com,,0.265,4,4,4,2,2,1,3,3,4,3,4,3,2,1,-42,14,30,14,,7,2,1,7,0,1,,1,7,30,T,F,T,T,T,T,T,T,F
3000383,9868142,193.88,R,1277,377,150,visa,277,debit,191,87,10,,outlook.com,,0.103,2,4,2,1,2,1,3,1,4,1,3,1,4,1,67,0,14,7,1,14,2,2,14,14,0,30,14,2,14,T,T,T,T,F,T,T,T,T
3000384,1913146,165.05,S,16415,515,150,mastercard,215,credit,204,87,10,,gmail.com,,0.211,2,3,3,3,1,1,2,2,4,2,1,1,2,2,-9,2,14,1,30,,1,1,30,1,0,2,0,2,2,T,T,T,T,T,T,T,F,T
3000385,8138859,371.33,W,7927,527,150,amex,227,debit,191,87,10,,hotmail.com,,0.277,2,2,2,4,4,3,2,1,2,3,2,1,2,1,80,2,0,7,2,7,1,0,30,,0,2,30,,14,T,T,T,T,T,T,T,T,T
3000386,5157840,155.23,S,15416,516,150,visa,216,credit,204,87,10,,aol.com,,0.003,3,4,1,2,2,1,1,3,2,3,1,4,4,2,3,14,0,,,1,0,7,7,0,14,0,2,7,14,T,T,F,F,T,T,T,T,T
3000387,9382744,194.99,H,14686,286,150,visa,286,credit,299,87,10,,outlook.com,,0.155,4,4,2,3,2,2,4,3,1,3,4,2,4,2,66,,1,7,1,7,,0,0,2,1,2,1,,7,T,F,T,T,T,T,T,T,T
3000388,1725416,111.24,R,14355,455,150,discover,255,debit,204,87,10,,aol.com,,0.103,3,1,3,2,2,2,3,2,1,2,1,1,3,4,-12,0,2,30,2,2,,7,,30,7,30,14,30,2,T,T,T,T,T,T,T,T,T
3000389,4569716,290.6,R,15861,461,150,visa,261,credit,299,87,10,,hotmail.com,,0.083,2,3,2,1,2,3,3,3,1,1,3,3,1,3,45,,7,14,1,2,,2,14,7,7,2,,7,1,T,T,T,T,T,T,T,T,T
3000390,232201,350.64,R,8848,448,150,mastercard,248,debit,299,87,10,,yahoo.com,,0.209,2,4,1,3,3,3,2,1,4,4,2,4,2,1,-3,0,0,14,30,30,30,0,7,14,,2,1,1,0,T,T,T,T,T,T,T,T,T
3000391,1109804,126.72,R,15635,235,150,mastercard,235,debit,299,87,10,,outlook.com,,0.213,4,3,2,2,4,4,4,2,4,4,3,4,2,2,-16,0,0,2,0,30,,0,,30,30,2,,1,,T,T,T,T,T,T,T,F,T
3000392,393767,143.68,S,3060,160,150,visa,260,credit,204,87,10,,gmail.com,,0.245,1,3,2,1,2,4,1,4,2,1,2,1,2,4,-42,2,2,30,1,14,,7,1,30,0,14,30,1,14,F,T,T,T,T,T,T,T,T
3000393,8758660,150.71,R,16880,480,150,amex,280,credit,299,87,10,,yahoo.com,,0.09,4,2,3,2,2,2,4,4,1,3,1,4,4,1,48,14,7,0,14,1,7,14,7,,0,,14,,1,T,T,T,T,T,T,T,T,T
3000394,444932,25.38,W,13488,588,150,visa,288,credit,299,87,10,,outlook.com,,0.157,4,3,3,4,4,2,3,4,3,2,2,2,2,2,-49,1,30,14,0,30,0,,14,2,2,1,2,14,30,F,T,T,T,T,T,T,T,T
3000395,8031550,346.89,H,6055,155,150,discover,255,debit,204,87,10,,outlook.com,,0.281,1,1,1,3,4,4,3,1,2,1,4,3,2,3,89,0,30,14,2,1,0,30,0,1,,7,1,7,30,T,T,T,T,T,F,T,T,T
3000396,7396336,107.11,H,10398,498,150,amex,298,debit,330,87,10,,outlook.com,,0.423,4,3,1,1,3,3,4,3,1,1,4,2,3,4,75,7,2,,1,0,7,,0,,1,0,2,1,7,F,T,T,F,T,T,T,T,T
3000397,6997462,208.53,C,3330,430,150,discover,230,debit,330,87,10,,gmail.com,,0.266,1,2,4,4,4,2,1,2,2,4,4,1,4,3,37,14,14,14,14,7,30,14,7,2,1,,30,1,30,T,T,T,T,T,T,T,T,T
3000398,2261511,248.99,H,11117,217,150,visa,217,credit,330,87,10,,hotmail.com,,0.283,1,3,4,4,3,3,4,3,4,1,1,1,2,4,-2,7,7,2,2,14,30,,7,7,7,2,14,7,14,T,T,T,T,T,T,T,F,T
3000399,4691985,166.55,W,3917,517,150,mastercard,217,credit,330,87,10,,hotmail.com,,0.044,4,1,1,3,2,4,2,3,2,1,3,4,1,2,34,2,0,1,14,1,7,7,30,1,7,2,1,0,,F,T,T,T,T,F,T,T,T
3000400,6877173,152.5,R,11990,590,150,amex,290,debit,191,87,10,,outlook.com,,0.3,4,2,2,3,3,4,3,2,3,4,3,1,2,2,45,0,14,2,14,7,1,14,30,7,30,1,14,30,,T,T,T,T,T,T,T,T,T
3000401,1155860,79.92,S,9834,434,150,discover,234,credit,191,87,10,,yahoo.com,,0.56,3,4,2,2,1,2,1,1,3,3,4,3,4,1,6,30,14,1,14,0,,0,1,30,,2,0,1,,F,T,T,T,T,T,T,T,T
3000402,6277192,388.92,W,1075,175,150,amex,275,debit,299,87,10,,gmail.com,,0.065,2,3,2,2,4,2,2,1,2,2,3,4,3,2,28,7,1,30,0,0,2,1,30,7,30,14,7,14,30,T,T,T,T,T,T,F,T,T
3000403,8797214,335.85,R,13984,584,150,amex,284,debit,299,87,10,,aol.com,,0.358,4,3,2,1,3,2,3,1,2,2,3,1,2,2,91,14,14,2,7,7,2,1,7,,2,30,,,,T,T,T,F,T,T,T,T,T
3000404,2445992,353.57,C,4532,132,150,discover,232,credit,204,87,10,,yahoo.com,,0.193,2,4,3,3,2,1,2,3,3,2,1,1,2,2,26,14,14,,2,,7,1,1,0,1,2,30,,1,T,T,T,T,T,T,T,T,T
3000405,3290031,354.81,H,5338,438,150,mastercard,238,credit,330,87,10,,aol.com,,0.356,1,4,3,2,4,2,4,2,3,1,2,2,3,1,29,14,,30,2,7,7,,14,2,30,2,14,30,30,T,T,F,T,T,T,T,T,F
3000406,2847008,91.3,S,16907,507,150,discover,207,debit,204,87,10,,yahoo.com,,0.229,1,4,1,4,3,1,2,2,3,1,3,3,2,3,3,,0,7,0,1,1,1,7,7,30,2,1,1,14,F,F,T,F,T,T,T,T,T
3000407,10134398,301.21,C,7303,403,150,amex,203,credit,299,87,10,,hotmail.com,,0.299,1,2,1,3,4,3,1,3,2,4,4,3,2,4,97,30,30,1,1,14,30,2,7,1,2,1,7,7,7,T,T,T,F,T,T,T,T,T
3000408,10155814,235.55,W,6243,343,150,amex,243,debit,191,87,10,,gmail.com,,0.151,1,3,4,2,1,2,3,3,4,2,4,2,4,2,75,7,1,,14,30,2,30,,1,0,7,7,0,2,T,T,F,T,T,T,T,T,T
3000409,430312,274.15,W,17854,454,150,mastercard,254,debit,299,87,10,,aol.com,,0.108,2,1,3,3,1,3,2,4,4,4,4,3,1,1,-49,14,0,14,2,2,14,14,0,7,2,2,,1,,T,F,T,T,T,T,T,T,F
3000410,8863690,87.51,S,2395,495,150,amex,295,debit,191,87,10,,outlook.com,,0.217,4,2,2,3,2,1,2,4,2,2,1,2,2,1,42,30,0,0,2,1,14,2,14,1,,0,2,30,7,T,T,T,T,T,T,T,T,T
3000411,1098542,347.83,H,4667,267,150,visa,267,debit,330,87,10,,aol.com,,0.062,1,1,1,3,2,2,3,2,4,2,1,1,3,1,-41,,1,2,1,14,1,14,30,0,2,14,30,1,7,T,F,T,T,F,T,F,T,T
3000412,7417997,311.58,W,6600,200,150,mastercard,200,credit,204,87,10,,outlook.com,,0.224,2,2,4,4,1,3,1,4,2,4,4,1,2,4,47,2,,0,0,0,1,1,30,14,,1,1,1,30,T,T,T,T,T,T,T,T,T
3000413,9999213,207.34,R,14305,405,150,discover,205,debit,299,87,10,,gmail.com,,0.18,4,1,3,4,2,3,3,4,2,1,2,4,4,3,87,,7,14,7,,1,14,,2,14,,0,1,2,T,T,T,T,T,T,F,T,T
3000414,6559669,28.54,R,5472,572,150,discover,272,credit,191,87,10,,yahoo.com,,0.17,4,3,3,3,4,3,1,2,3,1,4,4,2,3,26,7,14,30,2,1,7,30,14,14,,14,0,7,2,T,T,T,T,F,T,T,T,T
3000415,2975612,140.09,S,1916,516,150,visa,216,debit,191,87,10,,gmail.com,,0.169,2,3,3,3,1,2,1,2,1,3,4,3,2,4,-24,,,30,0,14,2,7,,1,0,1,7,,2,T,T,T,T,T,T,T,T,T
3000416,4358375,56.89,R,12712,312,150,visa,212,credit,299,87,10,,outlook.com,,0.08,2,4,1,1,1,2,4,3,1,1,2,3,3,3,40,1,14,14,0,7,7,2,30,2,7,14,7,,2,T,T,T,T,T,F,T,T,T
3000417,4252181,319.21,R,2265,365,150,amex,265,credit,191,87,10,,outlook.com,,0.225,1,3,4,3,4,4,3,3,3,3,2,4,3,2,3,,,,1,14,1,2,0,7,,0,1,2,2,T,T,T,T,T,T,F,T,T
3000418,1978910,41.42,C,4330,430,150,discover,230,credit,191,87,10,,yahoo.com,,0.226,2,4,3,2,3,3,3,3,2,2,3,2,3,2,1,,2,0,7,0,14,2,7,2,14,0,7,0,0,T,T,T,F,T,T,T,T,T
3000419,4101237,247.73,R,2545,145,150,discover,245,debit,191,87,10,,yahoo.com,,0.143,3,3,4,2,3,3,2,1,3,2,4,1,2,2,36,14,1,7,0,,,0,30,1,1,,30,14,14,T,T,T,T,T,T,T,T,F
3000420,5764585,212.29,C,2226,326,150,discover,226,credit,204,87,10,,hotmail.com,,0.282,4,3,2,3,2,4,1,1,1,3,4,4,2,3,7,,7,7,0,30,7,7,30,7,1,14,,7,14,T,T,T,F,T,T,T,F,T
3000421,6902610,238.54,W,2725,325,150,visa,225,credit,204,87,10,,aol.com,,0.196,3,3,2,3,4,3,3,4,3,4,2,3,4,3,75,30,14,2,,14,1,14,30,0,,14,0,1,1,T,T,T,F,T,T,T,T,F
3000422,8192223,251.5,W,16163,263,150,amex,263,credit,299,87,10,,hotmail.com,,0.028,1,3,2,4,4,2,4,1,1,2,2,1,2,3,34,7,,14,0,,0,14,1,14,7,,14,0,2,T,T,T,T,T,T,T,T,T
3000423,9852570,300.4,S,1372,472,150,visa,272,credit,299,87,10,,gmail.com,,0.048,1,4,1,3,2,2,4,1,1,1,2,1,1,2,87,14,1,,14,7,2,1,30,,2,2,0,1,30,T,T,T,T,T,T,T,T,T
3000424,708977,133.75,H,11739,339,150,amex,239,credit,299,87,10,,outlook.com,,0.03,2,2,3,2,1,1,3,3,4,1,3,3,4,2,-48,30,2,,7,,7,1,14,7,14,1,2,2,,F,T,T,T,T,T,T,T,F
3000425,2133491,30.71,H,16930,530,150,visa,230,credit,191,87,10,,gmail.com,,0.238,3,2,3,3,4,3,1,3,1,1,2,1,2,4,8,0,2,1,7,7,1,7,1,,14,,0,2,30,T,T,T,F,T,T,T,T,F
3000426,1365319,306.89,C,15853,453,150,visa,253,debit,330,87,10,,yahoo.com,,0.285,2,3,4,3,3,3,1,2,3,4,2,4,1,4,-37,1,0,30,7,,14,14,0,,0,,7,,,T,T,T,F,T,T,T,T,T
3000427,2286385,379.9,W,2150,250,150,amex,250,debit,191,87,10,,yahoo.com,,0.021,2,1,1,1,3,2,4,1,2,2,4,2,3,3,-15,1,0,2,0,30,,1,,,1,0,14,0,30,T,T,T,T,T,T,T,T,T
3000428,1556159,122.04,R,16133,233,150,visa,233,debit,204,87,10,,gmail.com,,0.041,4,3,1,2,2,3,4,1,4,2,4,3,4,2,-23,1,2,0,7,,2,,1,1,2,0,2,,30,F,T,T,T,T,T,T,T,T
3000429,4678665,61.0,C,6648,248,150,mastercard,248,debit,330,87,10,,outlook.com,,0.168,1,3,2,4,4,2,1,3,2,4,1,1,3,4,25,14,2,0,0,0,7,1,1,2,,14,0,0,,T,F,T,F,F,T,T,T,F
3000430,6097895,235.22,S,7691,291,150,visa,291,credit,191,87,10,,gmail.com,,0.116,1,2,1,4,1,4,3,3,2,4,1,2,2,3,12,,,1,1,2,1,0,30,7,0,1,2,1,1,T,T,T,F,T,T,T,T,T
3000431,1643830,241.67,H,3696,296,150,discover,296,credit,299,87,10,,outlook.com,,0.074,1,2,3,3,3,3,1,4,1,2,1,1,1,3,-15,14,,0,1,,7,14,7,,30,2,30,14,,T,T,T,T,T,F,T,T,F
3000432,5429676,182.62,S,9365,465,150,visa,265,debit,191,87,10,,yahoo.com,,0.36,1,4,3,2,1,4,3,1,1,4,2,4,2,2,26,2,1,2,14,2,14,7,2,7,0,14,1,0,1,T,T,F,F,T,T,T,T,T
3000433,3578355,184.04,C,14442,542,150,visa,242,debit,204,87,10,,yahoo.com,,0.291,1,1,4,2,3,4,4,2,1,1,1,1,1,3,-11,7,,0,0,14,,,0,7,14,,30,30,1,T,T,T,T,T,T,T,T,T
3000434,3440814,395.82,W,12037,137,150,discover,237,debit,191,87,10,,outlook.com,,0.339,1,2,4,1,1,1,3,1,3,3,3,2,3,2,13,1,30,2,,,30,0,0,2,1,2,,1,2,T,T,F,F,T,T,T,T,T
3000435,3677960,378.51,S,15630,230,150,visa,230,debit,330,87,10,,outlook.com,,0.079,2,2,4,3,1,2,4,2,1,3,1,4,3,3,24,7,1,,2,30,1,7,2,1,1,2,7,0,0,T,T,F,F,T,T,T,T,T
3000436,8809178,390.33,R,6789,389,150,visa,289,debit,204,87,10,,hotmail.com,,0.093,2,2,4,1,1,1,2,2,2,4,1,3,1,2,52,30,2,14,30,2,0,7,30,7,7,,2,1,,T,T,F,F,T,T,F,T,F
3000437,3506047,295.65,C,9472,572,150,mastercard,272,credit,299,87,10,,outlook.com,,0.251,4,2,3,2,3,4,1,4,4,2,2,3,1,2,-19,7,30,1,7,7,0,14,7,,7,30,,7,2,T,T,T,T,T,F,F,T,T
3000438,1745042,124.9,W,14113,213,150,mastercard,213,credit,191,87,10,,outlook.com,,0.131,1,1,4,1,3,4,3,2,2,2,3,3,2,3,-7,2,30,7,30,,7,14,1,0,1,0,2,,30,T,T,T,T,T,T,T,T,T
3000439,1861181,117.58,H,12674,274,150,mastercard,274,debit,330,87,10,,hotmail.com,,0.155,4,2,3,2,3,3,2,1,3,4,1,4,4,3,9,,0,2,,0,,0,0,1,0,1,,2,2,T,F,T,T,T,T,T,F,T
3000440,974843,113.91,W,10141,241,150,discover,241,debit,204,87,10,,outlook.com,,0.128,1,2,2,1,2,1,4,1,1,1,3,1,1,2,-30,7,,0,1,0,,30,7,30,0,14,,7,,F,T,T,T,T,T,T,T,T
3000441,8653757,356.16,C,2493,593,150,amex,293,debit,330,87,10,,aol.com,,0.162,1,1,2,4,3,2,3,2,1,1,4,2,4,1,65,1,,7,14,,0,30,1,7,0,7,0,7,0,T,T,T,T,T,T,T,T,T
3000442,8720683,198.59,C,4639,239,150,mastercard,239,debit,299,87,10,,yahoo.com,,0.099,4,4,1,1,2,3,1,3,3,4,1,1,2,3,98,,2,1,,,1,1,7,1,1,,0,7,14,T,T,T,T,T,T,T,T,T
3000443,6789325,229.56,H,13597,197,150,mastercard,297,debit,204,87,10,,outlook.com,,0.203,3,1,1,4,3,2,4,1,1,4,1,2,2,3,39,,30,14,,2,,1,2,,1,30,30,30,0,T,T,T,T,T,T,T,T,T
3000444,6411550,129.65,R,8278,378,150,visa,278,credit,204,87,10,,yahoo.com,,0.074,1,4,4,3,4,3,4,2,2,3,2,3,1,1,23,2,0,,0,,2,7,7,2,,1,7,14,,F,T,F,T,T,F,F,T,F
3000445,9520027,141.62,W,14909,509,150,amex,209,credit,299,87,10,,aol.com,,0.152,3,2,4,1,4,2,2,4,1,2,3,3,4,3,107,2,7,,7,7,1,0,2,0,7,0,0,7,1,T,T,T,T,F,T,T,T,T
3000446,1429802,166.02,R,16199,299,150,mastercard,299,credit,191,87,10,,aol.com,,0.259,3,1,3,3,4,2,4,1,2,2,3,3,4,4,-25,7,1,14,14,,2,0,7,7,7,2,1,0,7,T,T,T,T,T,T,T,T,F
3000447,1704283,379.33,R,7778,378,150,visa,278,credit,299,87,10,,aol.com,,0.269,1,3,4,2,2,1,3,3,2,3,1,3,1,2,7,1,14,7,30,0,2,14,,7,7,2,,0,2,T,T,T,T,T,T,T,T,T
3000448,4638212,41.95,H,11540,140,150,mastercard,240,credit,191,87,10,,outlook.com,,0.005,2,4,2,4,2,2,1,2,2,2,4,1,1,1,35,7,,2,30,7,7,14,0,7,0,7,1,0,,T,T,T,T,T,T,T,T,T
3000449,6481030,98.79,W,14920,520,150,visa,220,debit,299,87,10,,outlook.com,,0.197,4,1,1,4,4,1,2,1,4,2,4,1,3,1,21,2,14,1,1,1,7,,7,1,2,2,7,14,1,T,T,T,F,T,T,T,T,T
3000450,8423411,118.84,C,14031,131,150,discover,231,debit,330,87,10,,aol.com,,0.091,1,2,1,4,2,3,1,3,4,1,2,4,4,4,81,30,2,,1,7,,1,14,30,2,2,1,14,7,T,T,T,F,T,T,T,T,T
3000451,318528,294.66,R,13243,343,150,mastercard,243,debit,204,87,10,,outlook.com,,0.001,2,2,1,3,3,2,1,3,3,1,2,2,2,3,-18,1,1,1,0,1,1,2,0,0,1,,2,30,,T,T,T,T,F,F,F,T,F
3000452,1377027,356.2,C,2945,545,150,mastercard,245,debit,330,87,10,,hotmail.com,,0.145,2,2,2,3,2,4,2,4,2,1,1,3,2,1,-10,,,2,,2,0,1,14,0,7,,2,,14,T,T,T,T,T,T,T,T,T
3000453,706653,74.2,W,5387,487,150,discover,287,credit,191,87,10,,outlook.com,,0.269,1,2,2,4,4,1,2,1,4,3,2,4,2,4,7,2,7,2,1,30,,14,30,7,2,7,0,1,30,T,T,T,T,T,T,T,T,T
3000454,1441194,327.29,C,14950,550,150,visa,250,credit,204,87,10,,gmail.com,,0.125,2,3,3,1,3,1,3,2,2,1,1,3,2,1,0,,7,7,14,7,30,1,2,7,14,1,2,30,30,T,T,T,T,T,T,T,T,T
3000455,1102561,227.2,R,6024,124,150,mastercard,224,debit,204,87,10,,aol.com,,0.126,2,4,3,1,3,1,2,3,4,3,4,3,1,3,-32,14,,,2,30,14,14,1,,30,14,1,,2,T,T,F,T,T,F,T,T,T
3000456,1608222,319.64,W,16657,257,150,discover,257,debit,330,87,10,,outlook.com,,0.061,2,2,2,3,1,1,2,3,4,2,3,4,2,4,0,14,,2,1,30,0,0,,1,,1,1,2,0,T,T,T,T,T,T,T,T,T
3000457,6654300,319.46,H,6734,334,150,mastercard,234,debit,299,87,10,,outlook.com,,0.012,4,3,1,1,2,1,1,1,2,2,3,2,2,2,18,2,,7,0,0,14,1,7,,0,30,0,7,0,F,T,F,T,T,T,F,T,T
3000458,5529586,34.16,H,16119,219,150,amex,219,debit,330,87,10,,outlook.com,,0.042,1,3,2,4,2,2,3,4,1,4,4,2,2,1,44,,1,,7,0,0,30,,14,2,2,30,0,7,F,T,T,T,T,T,T,T,T
3000459,5356709,360.01,H,16201,301,150,amex,201,credit,204,87,10,,outlook.com,,0.015,1,4,1,1,4,2,2,3,2,1,2,3,2,4,49,2,,2,0,,7,1,1,2,2,7,,2,,T,T,T,T,T,F,T,T,F
3000460,6427092,190.48,W,13737,337,150,mastercard,237,debit,299,87,10,,hotmail.com,,0.13,4,3,1,1,1,3,2,3,3,4,3,2,1,4,40,2,1,2,,14,14,0,,,0,14,,1,7,T,T,T,T,T,T,T,F,T
3000461,5684491,119.53,H,15929,529,150,mastercard,229,credit,204,87,10,,aol.com,,0.159,1,3,3,1,3,1,1,2,4,4,2,1,1,3,9,0,30,7,30,,,14,7,0,2,1,2,7,,T,T,T,T,T,T,T,T,T
3000462,10027184,106.6,C,12057,157,150,visa,257,debit,191,87,10,,hotmail.com,,0.188,2,2,4,4,4,3,1,1,4,4,3,2,3,1,61,7,,1,14,7,1,2,30,,1,30,14,30,14,T,T,T,F,T,T,T,T,T
3000463,4495954,301.92,R,16780,380,150,discover,280,credit,204,87,10,,hotmail.com,,0.003,1,4,4,2,2,1,1,4,2,1,4,2,2,1,1,14,,14,1,7,0,14,1,7,30,2,,1,,T,T,F,T,T,T,T,T,F
3000464,1818359,98.37,S,10566,166,150,discover,266,credit,299,87,10,,gmail.com,,0.504,1,4,2,1,3,4,2,1,3,3,2,3,2,3,-25,,1,,0,30,1,,,30,30,,30,0,7,T,T,T,T,T,T,F,T,T
3000465,5336197,346.81,R,14575,175,150,mastercard,275,debit,299,87,10,,gmail.com,,0.32,3,1,2,4,1,1,4,1,2,4,3,1,4,1,28,0,14,30,14,0,14,30,,,0,7,1,7,1,T,T,T,T,T,F,T,T,T
3000466,1709277,212.9,S,15996,596,150,discover,296,debit,330,87,10,,aol.com,,0.156,2,4,4,4,2,1,1,2,1,2,1,4,1,2,3,1,30,2,2,2,1,2,,14,7,30,30,1,30,T,T,T,F,T,F,T,T,T
3000467,10023169,50.86,C,16877,477,150,mastercard,277,credit,330,87,10,,yahoo.com,,0.348,4,4,1,2,4,4,1,2,3,2,4,3,2,3,66,2,2,1,30,,7,2,14,,0,30,14,,7,T,T,T,F,F,T,T,T,T
3000468,7518932,388.94,H,10122,222,150,mastercard,222,debit,330,87,10,,aol.com,,0.164,2,2,4,1,4,4,4,4,3,1,2,3,3,4,48,30,1,1,30,0,2,1,14,14,7,1,1,7,14,T,F,T,T,T,T,T,T,T
3000469,6645462,320.63,R,6056,156,150,mastercard,256,debit,191,87,10,,outlook.com,,0.141,3,2,1,3,2,2,1,2,2,4,1,1,1,1,57,2,0,30,30,30,7,7,1,,14,30,30,0,,T,T,T,T,T,T,F,T,T
3000470,9508424,350.87,S,8432,532,150,discover,232,credit,204,87,10,,yahoo.com,,0.06,4,3,2,2,3,1,3,2,1,2,2,3,2,1,61,7,7,7,14,,0,14,2,14,14,7,1,14,,T,F,T,T,T,T,T,T,F
3000471,7306099,172.87,H,2112,212,150,amex,212,debit,330,87,10,,yahoo.com,,0.158,3,2,3,4,3,1,2,3,2,1,2,4,3,4,79,0,0,7,7,7,1,30,1,0,7,2,0,1,7,T,F,T,T,T,T,T,T,T
3000472,537616,284.1,S,6876,476,150,discover,276,credit,204,87,10,,aol.com,,0.158,1,3,4,4,1,4,4,2,2,3,1,1,4,4,1,0,,,14,0,,7,30,0,30,14,,,2,T,T,T,F,T,T,T,T,T
3000473,7365818,348.27,R,8828,428,150,visa,228,credit,191,87,10,,yahoo.com,,0.11,4,3,3,4,3,2,1,4,1,4,4,1,1,3,70,14,1,,,0,30,2,2,2,0,14,2,0,,T,F,T,T,T,F,T,T,T
3000474,1997873,325.62,W,5902,502,150,amex,202,debit,299,87,10,,aol.com,,0.123,4,1,2,4,3,2,3,1,4,3,4,2,2,2,-34,30,7,1,1,0,1,14,7,2,2,,0,14,14,T,T,T,T,F,T,T,T,T
3000475,6130470,356.58,W,4036,136,150,visa,236,debit,299,87,10,,yahoo.com,,0.133,4,1,3,4,2,2,1,3,2,4,1,4,4,3,12,30,2,2,7,30,30,,0,,14,30,30,,1,T,T,F,T,T,T,T,T,T
3000476,1008568,305.27,R,7445,545,150,discover,245,debit,191,87,10,,gmail.com,,0.233,2,3,4,1,3,2,1,2,4,1,3,1,2,3,9,,14,7,0,1,7,14,7,0,2,,0,7,1,T,T,T,T,T,T,T,T,T
3000477,4839496,160.97,W,8821,421,150,mastercard,221,debit,191,87,10,,hotmail.com,,0.252,2,3,2,1,3,3,2,2,4,3,4,3,2,1,34,30,,1,7,0,0,14,30,14,7,0,1,,7,T,T,T,F,T,F,F,T,T
3000478,10406702,271.4,R,17154,254,150,visa,254,debit,330,87,10,,aol.com,,0.257,4,3,3,2,3,3,3,4,4,2,2,3,2,1,67,14,7,0,2,30,7,7,0,1,,7,0,,7,T,F,T,T,T,T,T,T,F
3000479,3982642,159.07,C,7446,546,150,visa,246,credit,204,87,10,,gmail.com,,0.12,2,2,3,3,1,2,2,3,3,4,3,1,4,3,39,30,2,1,0,30,,2,30,7,14,0,2,30,7,T,T,T,F,T,F,T,T,T
3000480,8551477,374.31,S,3619,219,150,amex,219,credit,191,87,10,,outlook.com,,0.185,3,4,4,1,3,4,1,2,2,4,4,1,3,2,86,0,,30,0,14,1,1,0,14,2,7,7,1,1,T,T,T,T,T,T,T,T,T
3000481,7768728,285.47,C,5707,307,150,discover,207,debit,191,87,10,,hotmail.com,,0.192,3,2,4,4,2,2,2,3,2,1,2,2,2,1,71,0,2,30,0,0,7,14,1,1,,,1,14,2,T,T,T,T,T,T,T,T,T
3000482,9601423,144.74,R,11521,121,150,visa,221,debit,330,87,10,,yahoo.com,,0.327,4,3,2,2,2,2,4,2,2,4,4,4,4,2,111,0,7,30,14,30,0,7,7,2,30,7,0,,7,T,F,T,T,T,T,F,T,T
3000483,8126527,263.32,W,3779,379,150,visa,279,credit,299,87,10,,outlook.com,,0.176,2,1,1,2,4,2,3,4,3,4,1,3,4,3,47,14,7,30,14,1,0,14,1,14,30,,14,30,7,T,T,T,T,T,T,T,T,T
3000484,9409601,320.05,R,10102,202,150,discover,202,credit,191,87,10,,gmail.com,,0.052,2,2,2,2,3,4,1,2,1,2,1,1,3,3,100,2,1,2,0,0,30,0,1,30,7,7,30,30,1,T,T,T,T,T,T,T,T,T
3000485,5568944,85.6,R,10967,567,150,discover,267,debit,191,87,10,,outlook.com,,0.281,3,3,1,4,1,4,1,2,3,3,4,3,4,3,52,0,,30,2,14,7,30,7,14,2,14,,,7,T,T,F,T,T,T,T,T,T
3000486,167782,346.07,H,8911,511,150,amex,211,credit,299,87,10,,yahoo.com,,0.041,3,4,4,3,3,4,4,3,3,3,4,3,1,2,-50,7,7,2,0,0,0,7,14,7,2,14,,,7,T,F,T,F,T,T,T,T,F
3000487,3290735,155.82,R,5351,451,150,mastercard,251,debit,204,87,10,,yahoo.com,,0.054,4,4,1,2,3,4,1,1,4,1,2,4,2,1,-8,2,,2,1,1,14,30,7,0,1,0,,30,2,T,T,T,F,T,T,T,F,T
3000488,9238013,200.74,H,3169,269,150,visa,269,credit,191,87,10,,yahoo.com,,0.207,2,3,4,4,3,1,3,4,2,3,1,3,1,2,92,7,0,1,30,14,2,2,1,30,,,,0,,T,T,T,T,T,T,T,F,T
3000489,10178326,248.18,R,12592,192,150,amex,292,debit,204,87,10,,outlook.com,,0.159,3,1,4,3,2,2,1,2,3,4,3,1,4,2,69,30,,1,1,7,0,30,30,2,30,14,7,30,14,T,T,F,F,T,T,T,T,T
3000490,4728588,131.16,S,16048,148,150,amex,248,debit,299,87,10,,gmail.com,,0.043,1,4,2,3,2,4,3,3,3,4,1,4,2,2,40,7,30,1,1,30,7,0,7,14,14,14,0,1,1,T,T,T,T,T,T,T,T,T
3000491,488152,140.22,S,2855,455,150,amex,255,credit,191,87,10,,gmail.com,,0.119,2,1,1,4,2,4,1,3,1,3,4,1,3,3,-23,14,,30,30,7,1,7,,14,1,14,2,14,14,T,T,T,T,T,T,F,T,T
3000492,9610788,384.6,H,1748,348,150,visa,248,debit,191,87,10,,gmail.com,,0.363,2,4,1,2,1,4,1,4,4,1,1,1,4,2,69,7,,1,14,14,1,7,14,14,1,1,2,30,14,T,T,T,T,T,T,T,T,T
3000493,7383818,250.84,R,15308,408,150,discover,208,debit,204,87,10,,outlook.com,,0.115,4,4,2,1,2,2,1,3,3,3,1,3,4,1,68,1,30,0,14,7,14,14,30,30,1,14,2,30,,T,T,T,T,T,T,T,T,T
3000494,4213928,224.21,W,11196,296,150,visa,296,debit,204,87,10,,hotmail.com,,0.16,4,4,1,3,4,1,1,4,4,4,1,2,2,3,-10,,30,2,2,7,14,2,2,7,7,14,,2,0,F,T,T,T,T,T,T,T,T
3000495,9127477,295.74,W,8598,198,150,amex,298,credit,204,87,10,,outlook.com,,0.059,2,2,4,2,1,4,2,1,2,1,3,3,3,2,89,1,1,1,2,0,7,,30,2,0,14,2,30,30,T,T,T,T,T,T,T,T,T
3000496,8950195,29.11,H,15183,283,150,visa,283,credit,299,87,10,,hotmail.com,,0.195,3,1,4,1,4,1,3,1,2,2,1,1,4,1,58,,2,0,1,,,2,,2,30,7,7,30,0,T,T,T,T,T,T,T,T,T
3000497,7753412,328.13,C,7664,264,150,visa,264,credit,299,87,10,,aol.com,,0.104,2,1,2,4,4,4,4,1,4,4,4,4,1,1,46,2,30,7,1,2,1,,0,1,,,,1,1,T,T,T,T,T,F,T,T,T
3000498,3104441,243.59,W,8214,314,150,visa,214,credit,204,87,10,,yahoo.com,,0.34,2,3,3,4,1,3,3,1,2,2,2,3,1,4,20,,7,2,7,2,1,,,7,,0,0,14,7,T,T,T,T,T,T,F,T,T
3000499,4262197,45.26,H,5202,302,150,mastercard,202,credit,330,87,10,,hotmail.com,,0.022,1,2,3,3,1,2,3,3,3,4,4,2,2,2,44,0,2,7,,1,1,0,2,2,2,7,30,30,30,T,T,T,T,T,T,T,T,F
3000500,3359255,335.19,C,16800,400,150,amex,200,debit,330,87,10,,gmail.com,,0.049,3,3,2,4,4,4,4,1,2,1,3,1,1,1,11,30,14,7,1,0,2,1,14,0,2,0,0,2,1,F,T,T,T,T,T,T,T,T
3000501,1983546,59.48,S,14518,118,150,visa,218,debit,204,87,10,,aol.com,,0.193,4,2,2,1,3,3,2,2,1,4,1,1,2,2,12,1,14,7,,2,30,30,2,30,0,30,2,,1,T,F,T,T,T,T,T,T,F
3000502,1161115,319.54,W,4131,231,150,mastercard,231,debit,191,87,10,,outlook.com,,0.018,2,2,2,2,3,1,1,3,2,2,2,2,1,3,-3,1,30,0,0,30,30,14,,0,,0,0,,1,T,F,F,T,T,T,F,T,T
3000503,2581081,58.39,C,7850,450,150,discover,250,credit,191,87,10,,gmail.com,,0.16,3,4,4,1,2,3,4,4,2,3,2,1,3,2,-11,,7,30,30,7,30,,,1,2,30,14,14,30,T,T,T,T,T,T,T,T,T
3000504,9275215,155.36,W,16463,563,150,amex,263,debit,330,87,10,,yahoo.com,,0.224,1,4,4,3,1,3,4,3,2,2,4,3,2,3,63,,2,,7,7,30,2,30,1,2,1,14,14,30,T,T,T,T,T,F,T,T,T
3000505,1551872,354.66,C,14360,460,150,discover,260,credit,299,87,10,,hotmail.com,,0.073,2,2,3,3,2,3,4,3,4,2,1,4,1,4,-25,14,1,2,14,7,14,30,1,14,14,,,14,,T,T,T,T,T,T,F,T,T
3000506,2767830,208.9,C,1957,557,150,visa,257,debit,191,87,10,,yahoo.com,,0.034,4,3,2,1,2,1,3,4,2,3,4,4,2,3,7,2,,1,30,14,,30,1,7,,30,2,2,,T,T,T,T,F,F,T,T,T
3000507,9428075,397.52,H,17568,168,150,visa,268,debit,330,87,10,,aol.com,,0.283,4,1,2,3,1,1,4,2,3,1,1,2,2,2,103,2,1,7,30,7,,7,30,,1,30,2,14,,T,T,T,T,T,T,T,T,T
3000508,1044936,382.91,H,9693,293,150,visa,293,debit,191,87,10,,aol.com,,0.26,1,3,2,1,2,4,4,1,4,1,1,1,2,3,-8,0,,,1,2,14,30,2,2,14,2,1,0,1,T,F,T,T,F,F,T,T,T
3000509,8789386,57.58,H,11614,214,150,visa,214,debit,204,87,10,,yahoo.com,,0.135,1,3,1,1,2,4,3,3,2,4,1,2,4,4,99,14,2,7,7,2,,7,1,14,0,1,14,,0,T,T,F,T,T,T,T,T,T
3000510,3450165,388.84,H,17361,461,150,amex,261,debit,204,87,10,,aol.com,,0.101,4,4,2,4,1,4,3,3,3,2,3,2,4,3,-6,0,1,30,2,2,7,30,,0,30,7,14,14,14,T,T,T,F,T,F,T,F,T
3000511,4803174,249.71,S,12760,360,150,amex,260,credit,299,87,10,,gmail.com,,0.19,2,2,4,1,4,2,4,4,2,3,4,3,1,3,55,,0,7,0,30,0,0,2,,30,2,0,,1,F,F,T,T,T,T,T,T,T
3000512,5787371,383.17,H,13388,488,150,visa,288,credit,299,87,10,,hotmail.com,,0.136,1,4,2,2,1,4,4,2,2,1,1,3,2,2,57,1,14,1,1,1,14,1,2,0,14,2,7,2,,F,T,T,T,T,F,T,T,T
3000513,6816670,246.29,W,12728,328,150,amex,228,debit,330,87,10,,outlook.com,,0.244,3,4,2,2,2,1,4,3,1,3,4,1,4,2,59,1,14,0,,0,0,2,0,14,2,,30,2,1,T,F,T,T,T,T,T,F,T
3000514,8958724,129.38,C,14434,534,150,visa,234,debit,204,87,10,,yahoo.com,,0.169,4,1,2,1,2,4,3,2,4,1,3,3,3,3,103,,2,14,14,2,30,,0,14,,2,1,14,30,F,T,T,T,F,T,T,T,T
3000515,6390775,38.56,S,15087,187,150,discover,287,credit,191,87,10,,gmail.com,,0.074,2,4,4,1,2,4,1,3,1,2,3,2,1,3,24,7,30,7,14,14,1,30,14,,7,2,2,2,7,T,T,T,T,T,T,T,T,F
3000516,3629999,221.97,C,6909,509,150,amex,209,debit,299,87,10,,yahoo.com,,0.393,4,1,3,3,3,4,3,1,4,2,4,4,1,2,4,1,2,7,0,1,,1,1,30,1,14,,2,30,T,T,T,F,F,F,T,T,T
3000517,10397129,342.36,C,6940,540,150,visa,240,credit,191,87,10,,yahoo.com,,0.085,3,2,2,2,1,3,1,4,4,2,1,3,2,2,107,7,14,1,7,,,0,7,1,1,,2,,0,F,F,T,T,T,T,T,T,T
3000518,1199882,38.52,S,14696,296,150,amex,296,credit,299,87,10,,yahoo.com,,0.284,1,4,2,2,3,4,3,4,1,3,3,3,1,4,-1,14,,1,1,0,2,,,2,30,,1,1,30,T,T,T,T,T,F,T,T,T
3000519,8159340,338.39,W,15453,553,150,visa,253,credit,330,87,10,,hotmail.com,,0.047,2,4,4,1,2,1,2,1,3,4,1,4,1,1,42,1,1,0,30,0,7,7,30,14,30,7,0,7,30,T,T,T,T,T,T,T,T,T
3000520,2376748,113.51,C,15010,110,150,mastercard,210,credit,299,87,10,,outlook.com,,0.222,1,1,3,2,3,2,1,1,1,2,4,3,2,2,3,1,30,30,0,1,1,2,7,2,14,30,30,14,,T,T,T,T,T,T,T,T,T
3000521,1531550,306.89,H,7838,438,150,visa,238,credit,299,87,10,,outlook.com,,0.06,3,2,4,4,3,2,4,4,2,3,1,2,4,2,-13,2,2,1,,1,7,,2,30,7,2,,7,14,T,T,T,T,T,T,F,F,T
3000522,5933040,214.3,S,9525,125,150,discover,225,debit,191,87,10,,yahoo.com,,0.13,4,3,4,3,1,2,1,4,2,4,4,4,2,2,60,2,30,0,14,7,14,,1,2,30,2,,1,0,T,T,T,T,T,F,T,T,F
3000523,4924480,161.07,C,10868,468,150,discover,268,debit,330,87,10,,outlook.com,,0.218,3,1,3,1,4,1,2,2,2,1,3,4,2,2,25,7,30,30,1,30,0,14,30,30,2,2,0,30,7,T,T,T,T,T,T,T,T,T
3000524,224629,94.91,C,15590,190,150,amex,290,credit,299,87,10,,aol.com,,0.152,2,4,3,2,2,2,4,4,4,1,2,4,4,1,-33,1,7,0,,2,30,30,2,14,2,7,14,1,0,T,F,F,T,T,T,T,T,T
3000525,3184882,291.77,C,14739,339,150,amex,239,credit,330,87,10,,aol.com,,0.378,4,1,4,3,1,1,2,1,3,3,1,1,3,1,-4,1,0,2,7,7,14,2,0,30,1,,2,1,14,T,T,T,T,T,T,T,T,F
3000526,5787036,102.55,R,9992,592,150,discover,292,credit,191,87,10,,hotmail.com,,0.227,3,1,1,1,2,4,1,4,2,4,1,4,1,1,38,14,7,7,,14,7,0,0,14,14,7,,,7,T,F,F,T,F,T,T,T,T
3000527,7370110,80.74,R,7617,217,150,amex,217,debit,204,87,10,,hotmail.com,,0.372,3,2,2,2,3,2,4,4,2,1,4,4,3,1,30,30,2,14,,2,7,7,14,7,14,,1,0,,T,T,T,T,T,F,T,T,T
3000528,1795559,149.57,C,1211,311,150,mastercard,211,credit,191,87,10,,yahoo.com,,0.247,2,3,3,4,1,2,1,4,2,1,4,2,1,4,13,,1,14,,30,,1,7,,7,7,7,30,,T,T,T,T,T,T,T,T,T
3000529,10119671,75.64,R,15502,102,150,discover,202,debit,299,87,10,,yahoo.com,,0.213,4,1,4,1,4,3,4,3,4,4,4,4,3,1,72,14,30,30,7,14,,1,1,2,,2,0,0,14,T,T,T,T,F,T,T,T,T
3000530,10404903,379.09,H,6291,391,150,visa,291,credit,330,87,10,,yahoo.com,,0.17,1,3,3,4,2,4,1,1,3,4,1,1,3,1,95,30,0,0,0,7,30,,1,7,0,0,14,0,1,T,T,T,T,T,T,T,T,T
3000531,7464695,340.98,S,7846,446,150,visa,246,credit,299,87,10,,yahoo.com,,0.287,4,2,4,4,3,2,2,1,2,1,4,2,4,4,44,1,,14,1,2,7,14,2,2,,14,1,30,7,T,T,T,T,T,T,F,T,T
3000532,7479812,320.17,R,10967,567,150,mastercard,267,debit,204,87,10,,aol.com,,0.063,3,4,2,4,2,1,1,1,1,1,1,2,1,4,42,0,30,0,,2,,,14,0,1,14,30,1,2,F,T,T,T,T,F,T,T,F
3000533,3786471,354.7,W,3112,212,150,visa,212,debit,299,87,10,,gmail.com,,0.089,2,4,1,3,3,4,3,4,1,3,2,1,1,1,15,30,14,1,30,,30,1,0,,14,7,7,1,14,T,T,T,T,F,T,T,T,T
3000534,1567607,231.93,W,10509,109,150,discover,209,credit,330,87,10,,yahoo.com,,0.106,1,4,4,4,2,2,4,2,4,3,1,1,4,2,-18,7,1,14,1,1,7,7,7,7,14,,30,14,0,T,T,T,T,T,T,T,F,T
3000535,5095555,170.89,R,7380,480,150,visa,280,debit,299,87,10,,yahoo.com,,0.494,3,3,4,4,4,2,4,3,4,4,3,1,2,3,28,14,0,2,0,0,30,2,0,,7,0,,7,2,T,T,T,T,T,F,T,T,T
3000536,6402771,382.29,C,7175,275,150,amex,275,debit,330,87,10,,outlook.com,,0.037,1,2,3,3,2,4,4,3,4,1,2,1,2,2,43,0,0,30,1,2,30,0,0,30,14,7,,30,0,T,F,T,F,F,T,T,F,T
3000537,4577096,248.28,C,1752,352,150,mastercard,252,credit,299,87,10,,outlook.com,,0.195,2,4,4,2,3,4,3,2,4,3,1,3,4,1,6,30,,2,2,7,30,14,2,7,30,,7,2,0,T,T,T,F,T,F,T,T,T
3000538,8753699,157.52,R,17152,252,150,mastercard,252,credit,330,87,10,,hotmail.com,,0.211,2,3,2,3,4,2,4,4,2,4,4,3,3,2,91,0,,30,,7,7,2,14,7,0,14,14,2,1,T,T,F,T,T,T,T,T,T
3000539,8633564,233.12,R,14386,486,150,visa,286,debit,299,87,10,,outlook.com,,0.054,3,4,4,2,1,1,4,2,3,2,2,1,4,4,84,30,7,1,,14,2,2,30,,2,30,30,30,0,T,T,T,F,F,T,T,T,T
3000540,832874,72.33,S,1936,536,150,mastercard,236,credit,330,87,10,,gmail.com,,0.005,2,1,2,4,3,2,2,4,3,2,1,1,1,2,-26,30,2,14,0,2,,1,7,2,1,7,,2,1,T,T,T,T,T,T,T,T,F
3000541,10046409,326.33,S,13461,561,150,visa,261,debit,330,87,10,,outlook.com,,0.048,3,1,1,4,3,3,3,3,2,4,1,4,2,4,111,14,,0,7,7,1,1,7,2,7,0,,1,,T,T,T,T,T,T,T,T,T
3000542,4202666,293.27,C,16585,185,150,visa,285,credit,191,87,10,,hotmail.com,,0.303,2,1,4,2,1,2,3,1,4,4,1,3,3,1,34,2,30,14,,14,14,1,,1,30,30,30,7,7,T,T,T,T,T,T,T,T,T
3000543,2015421,126.55,S,4275,375,150,visa,275,debit,204,87,10,,hotmail.com,,0.177,2,2,1,2,3,2,4,3,3,4,4,4,2,1,11,30,2,2,14,0,30,2,30,2,1,0,14,,30,T,T,F,T,T,T,T,T,T
3000544,4919014,161.55,W,9150,250,150,discover,250,debit,204,87,10,,yahoo.com,,0.356,4,3,1,4,2,2,1,4,2,1,1,4,2,2,7,0,14,14,1,7,14,0,,2,7,1,30,7,7,T,T,T,T,F,F,T,T,T
3000545,3992344,234.65,H,1881,481,150,mastercard,281,debit,330,87,10,,hotmail.com,,0.093,2,4,2,4,1,2,3,3,1,2,3,4,4,4,2,1,30,,0,2,0,14,,30,,1,2,7,30,T,T,T,F,T,F,T,F,T
3000546,3451576,46.15,C,12402,502,150,visa,202,debit,299,87,10,,outlook.com,,0.024,2,3,4,1,1,3,2,2,1,1,2,2,3,2,-10,0,,14,30,1,30,30,0,,30,7,14,0,30,T,F,F,T,T,T,T,F,T
3000547,4666784,110.27,W,8283,383,150,amex,283,debit,191,87,10,,yahoo.com,,0.013,1,3,1,1,4,1,4,1,4,2,3,3,1,3,38,1,1,7,0,14,2,0,,0,,14,,0,14,T,T,T,T,T,T,T,T,F
3000548,4094818,375.2,H,10959,559,150,visa,259,credit,191,87,10,,yahoo.com,,0.079,2,4,2,3,4,1,2,4,4,4,2,1,3,3,1,1,7,0,1,14,,,14,7,30,2,,0,1,T,T,T,F,T,T,F,T,T
3000549,8150227,20.32,H,7710,310,150,mastercard,210,credit,191,87,10,,gmail.com,,0.205,3,4,1,3,4,3,4,4,4,1,2,4,2,1,46,2,14,1,7,30,14,30,1,7,30,1,30,,0,T,T,T,T,T,T,T,T,T
3000550,8313401,316.2,S,6935,535,150,visa,235,debit,204,87,10,,yahoo.com,,0.133,4,2,2,2,3,4,1,2,1,1,1,4,4,1,43,,7,2,30,7,14,14,30,,,30,14,30,2,T,F,T,T,F,T,F,T,T
3000551,6560517,190.54,C,10334,434,150,visa,234,debit,204,87,10,,outlook.com,,0.066,4,1,4,2,3,4,2,1,4,2,1,2,4,3,62,2,7,,1,30,,,7,0,7,14,2,14,7,T,T,T,T,T,T,T,T,T
3000552,875623,238.1,C,17617,217,150,mastercard,217,debit,204,87,10,,outlook.com,,0.088,1,4,2,2,4,1,2,1,4,3,3,1,1,3,-11,14,,0,1,7,30,1,14,2,30,2,2,14,,T,T,T,F,T,T,T,T,T
3000553,7744794,363.45,S,12198,298,150,amex,298,debit,204,87,10,,yahoo.com,,0.188,2,3,1,3,4,4,2,1,2,2,4,1,1,4,83,14,14,2,2,2,0,,1,30,,14,2,2,1,T,T,T,T,T,T,T,T,F
3000554,8646910,249.18,W,8131,231,150,discover,231,debit,191,87,10,,aol.com,,0.071,3,1,2,1,4,4,2,3,1,4,4,1,1,2,82,14,7,1,7,7,0,7,30,1,0,7,30,1,30,T,T,T,T,F,T,T,T,T
3000555,3473380,267.17,R,6906,506,150,amex,206,debit,204,87,10,,aol.com,,0.031,1,1,3,3,3,2,3,3,2,1,2,3,2,3,36,30,14,2,7,7,2,30,0,0,30,30,14,7,30,T,T,T,T,F,T,T,T,T
3000556,3111457,252.82,S,14648,248,150,amex,248,credit,330,87,10,,gmail.com,,0.006,1,1,2,4,1,1,1,2,3,4,3,3,2,2,26,30,1,1,7,7,30,7,7,14,30,7,14,1,,T,T,T,T,F,T,F,T,T
3000557,2662419,165.81,W,8658,258,150,discover,258,debit,299,87,10,,aol.com,,0.102,2,3,4,2,2,3,2,2,3,2,4,3,1,4,-16,14,2,30,0,14,7,,,2,,2,1,2,1,T,T,T,T,T,T,T,T,F
3000558,6929504,230.7,R,13573,173,150,amex,273,credit,204,87,10,,outlook.com,,0.128,4,1,2,4,4,3,3,2,3,1,4,4,3,1,72,7,0,,14,14,1,0,0,,14,,14,2,2,T,T,T,T,T,T,T,T,T
3000559,2455214,394.66,H,15920,520,150,visa,220,credit,191,87,10,,aol.com,,0.139,1,1,3,4,1,1,1,2,3,4,1,3,4,4,-15,2,7,7,30,2,0,30,2,0,14,30,14,7,0,T,T,T,T,T,F,T,T,T
3000560,6461380,144.51,R,15252,352,150,amex,252,debit,330,87,10,,gmail.com,,0.014,4,1,4,2,3,4,1,3,1,2,3,1,2,3,48,30,7,7,30,1,,7,,,2,14,,0,30,T,T,T,T,T,T,T,F,T
3000561,5873580,129.26,S,9171,271,150,discover,271,credit,204,87,10,,outlook.com,,0.157,1,2,1,3,3,2,4,4,3,4,4,1,2,4,51,7,1,0,1,30,7,1,2,2,30,2,1,30,14,T,T,T,T,F,T,T,T,T
3000562,8326460,108.4,S,13370,470,150,discover,270,credit,204,87,10,,yahoo.com,,0.349,3,3,4,4,4,2,4,2,4,2,4,4,3,1,53,14,14,14,7,,7,2,,7,,,2,14,2,T,T,T,F,T,T,F,T,T
3000563,3262655,290.89,C,8845,445,150,amex,245,debit,191,87,10,,outlook.com,,0.222,1,4,4,4,3,1,3,4,3,2,3,1,1,3,35,7,,1,30,,1,0,14,14,0,,0,30,30,T,T,T,T,T,T,T,T,T
3000564,8212390,322.6,R,10101,201,150,amex,201,debit,191,87,10,,hotmail.com,,0.236,3,2,2,2,4,4,1,1,1,3,4,1,1,1,47,30,1,,2,14,,30,2,,7,0,0,14,30,T,T,T,T,T,T,T,T,T
3000565,9286003,397.58,R,14077,177,150,discover,277,credit,299,87,10,,outlook.com,,0.198,1,3,4,4,4,4,2,1,3,2,3,4,3,3,71,14,30,14,0,2,30,1,30,1,30,1,0,30,1,T,T,T,T,T,T,T,T,T
3000566,4789456,345.04,R,17265,365,150,discover,265,debit,330,87,10,,outlook.com,,0.179,3,4,3,4,2,2,1,3,4,3,2,3,4,3,45,2,,1,0,1,2,14,2,2,0,0,30,,30,T,T,T,T,F,F,F,T,T
3000567,8792532,202.72,W,8403,503,150,visa,203,debit,191,87,10,,outlook.com,,0.167,3,3,2,3,4,3,1,3,2,3,2,1,4,3,77,14,,14,0,,14,14,2,30,30,,0,1,14,T,T,T,T,T,T,T,F,T
3000568,9345696,163.18,R,18000,100,150,visa,200,debit,299,87,10,,yahoo.com,,0.262,1,3,4,2,3,2,2,3,2,1,3,4,2,1,62,14,30,0,1,0,14,2,1,7,1,2,0,0,2,T,T,F,T,T,T,F,T,T
3000569,2775790,146.29,W,7443,543,150,discover,243,credit,204,87,10,,hotmail.com,,0.078,3,3,3,4,4,4,2,3,3,3,1,2,1,2,26,14,,14,2,2,1,0,7,2,30,0,14,30,,T,T,T,T,T,T,T,F,F
3000570,1571387,173.71,C,9193,293,150,discover,293,debit,191,87,10,,aol.com,,0.062,1,2,3,4,1,1,1,3,2,2,3,4,2,2,-17,30,7,0,30,1,1,1,0,0,30,30,7,,2,T,T,F,T,T,T,T,T,T
3000571,8224884,116.55,W,17165,265,150,mastercard,265,credit,299,87,10,,aol.com,,0.198,1,4,1,3,1,2,2,3,1,4,3,3,4,3,49,,7,30,14,2,0,30,14,0,2,,0,30,14,T,T,T,T,F,T,T,T,T
3000572,4889798,385.92,R,11829,429,150,discover,229,credit,299,87,10,,gmail.com,,0.275,3,4,2,1,2,4,1,4,2,2,1,1,1,2,56,7,0,2,7,,14,2,30,,7,0,,14,14,F,T,T,T,T,T,T,T,T
3000573,3465623,243.87,S,10497,597,150,amex,297,debit,204,87,10,,hotmail.com,,0.152,2,4,4,1,3,4,4,3,4,2,2,3,2,2,13,1,30,14,0,,,0,14,1,1,1,2,1,0,T,T,T,T,T,T,T,T,F
3000574,3857580,223.37,R,17850,450,150,amex,250,credit,191,87,10,,outlook.com,,0.057,4,3,2,1,2,3,2,1,4,3,3,3,2,4,17,14,30,7,2,0,30,0,30,30,2,14,7,30,1,T,T,T,T,T,T,T,T,T
3000575,9416647,64.77,R,4942,542,150,discover,242,debit,330,87,10,,yahoo.com,,0.046,1,1,2,3,2,1,1,4,2,1,1,3,4,2,98,2,1,1,14,2,,14,,30,1,2,,30,14,T,T,T,F,T,T,T,F,T
3000576,6140798,235.74,S,14441,541,150,visa,241,debit,330,87,10,,outlook.com,,0.056,3,2,4,2,3,4,4,4,1,3,3,3,3,4,31,2,1,14,1,7,0,14,7,7,,2,30,,7,T,F,F,T,T,F,F,T,T
3000577,1561501,259.07,R,17245,345,150,visa,245,debit,204,87,10,,gmail.com,,0.15,1,3,3,2,2,1,4,4,3,3,2,1,2,4,-10,7,2,1,14,2,7,7,30,14,2,2,30,7,0,T,T,T,T,T,T,T,T,T
3000578,9307779,335.45,W,1733,333,150,mastercard,233,credit,204,87,10,,aol.com,,0.03,2,1,4,3,2,2,3,4,3,4,4,4,3,4,94,2,14,0,7,0,2,2,2,30,14,2,30,,30,T,T,T,F,T,T,T,T,T
3000579,2562211,224.08,H,11024,124,150,visa,224,credit,299,87,10,,yahoo.com,,0.119,2,3,4,4,1,1,1,1,1,3,3,4,4,2,7,2,14,2,1,30,0,,30,2,30,14,7,1,1,T,T,T,T,T,T,T,T,T
3000580,5660140,172.49,W,16345,445,150,amex,245,debit,299,87,10,,hotmail.com,,0.104,2,2,3,3,3,1,3,4,3,4,3,1,4,4,18,1,,14,,2,30,30,0,,1,7,1,1,1,T,T,T,T,T,T,T,T,T
3000581,4925046,134.22,S,10894,494,150,amex,294,credit,191,87,10,,gmail.com,,0.061,1,2,4,3,3,4,1,1,4,1,2,4,1,1,28,7,2,14,30,0,30,,0,,0,7,30,0,7,T,T,T,T,T,T,T,T,T
3000582,6397983,205.77,H,9837,437,150,discover,237,credit,299,87,10,,aol.com,,0.17,4,2,3,2,4,4,2,3,3,4,1,4,1,4,62,1,14,14,1,2,,0,1,1,,2,,0,,T,T,T,T,F,T,T,T,T
3000583,3048846,37.91,C,3438,538,150,visa,238,credit,191,87,10,,hotmail.com,,0.082,1,2,1,1,4,2,3,4,3,2,4,1,2,3,-20,30,7,1,30,7,,14,2,30,,,0,1,14,T,T,T,T,T,T,T,T,T
3000584,4828450,59.4,C,13790,390,150,mastercard,290,credit,299,87,10,,yahoo.com,,0.197,3,4,3,4,3,3,4,3,2,2,3,3,3,3,31,0,14,0,,,30,14,30,,,30,2,0,1,T,T,T,T,T,T,T,T,T
3000585,5704797,281.12,S,7146,246,150,amex,246,credit,204,87,10,,aol.com,,0.2,2,2,1,1,3,2,2,2,3,3,1,1,1,2,64,1,14,1,7,0,1,0,14,7,,7,2,7,7,T,T,T,T,T,T,T,T,T
3000586,4728929,185.49,S,1346,446,150,discover,246,debit,299,87,10,,outlook.com,,0.214,1,3,4,1,3,1,4,2,1,2,2,4,3,3,-3,7,2,14,7,7,2,0,14,14,0,7,0,2,30,T,T,T,T,T,T,F,T,T
3000587,6741878,167.02,S,8559,159,150,visa,259,debit,204,87,10,,aol.com,,0.332,1,3,1,2,4,2,4,4,1,4,3,2,1,3,70,0,14,1,30,7,30,1,,,2,1,7,,0,T,T,T,T,T,T,T,T,T
3000588,8601841,227.19,S,7520,120,150,amex,220,credit,330,87,10,,yahoo.com,,0.037,2,3,1,1,2,1,3,1,1,2,2,2,1,3,70,14,30,14,30,7,14,14,0,1,2,,,,14,T,T,F,T,T,T,T,F,T
3000589,1502046,365.83,W,3415,515,150,discover,215,credit,191,87,10,,hotmail.com,,0.146,4,4,4,1,1,4,3,2,3,3,4,2,1,4,-4,1,0,1,1,1,2,14,,7,30,,30,30,7,T,T,T,T,T,T,T,T,T
3000590,9970606,397.93,R,17379,479,150,visa,279,credit,204,87,10,,gmail.com,,0.139,4,1,3,3,2,4,1,4,3,3,4,4,1,1,86,0,7,14,7,7,2,7,2,2,30,30,2,7,2,T,T,T,F,T,T,T,T,T
3000591,6481365,251.36,S,7659,259,150,mastercard,259,credit,330,87,10,,outlook.com,,0.141,4,1,4,4,4,4,3,4,1,2,4,2,4,2,60,7,14,1,30,,,7,0,30,,0,0,7,,F,T,T,T,T,T,T,T,F
3000592,1541400,246.89,C,5037,137,150,mastercard,237,debit,299,87,10,,gmail.com,,0.332,2,3,3,4,1,4,1,4,3,2,1,4,3,2,-13,2,7,14,7,2,,1,14,2,0,1,14,2,1,T,T,T,T,T,T,T,T,F
3000593,482140,347.36,S,2591,191,150,mastercard,291,credit,330,87,10,,hotmail.com,,0.136,3,3,2,1,3,2,4,4,3,2,3,3,1,4,-32,,7,14,14,30,7,14,7,0,30,1,0,1,30,T,T,T,F,T,T,T,T,F
3000594,1415050,357.33,H,6530,130,150,discover,230,credit,204,87,10,,gmail.com,,0.297,2,4,2,1,3,2,3,3,4,2,1,4,4,3,-4,0,7,0,1,1,,1,14,14,14,0,7,0,0,T,T,T,T,T,T,T,T,T
3000595,1014507,157.12,H,1118,218,150,visa,218,debit,330,87,10,,aol.com,,0.086,3,2,4,4,3,3,2,1,2,4,1,4,3,3,-14,14,,1,1,0,14,2,14,7,1,1,30,14,1,T,T,T,F,T,T,T,T,T
3000596,4758419,322.34,R,1342,442,150,discover,242,debit,330,87,10,,outlook.com,,0.221,1,3,1,1,4,4,4,2,1,2,3,1,2,1,2,,14,1,14,30,30,2,1,1,1,30,1,14,7,T,T,T,T,T,T,T,T,T
3000597,10237498,328.01,S,13188,288,150,amex,288,debit,191,87,10,,gmail.com,,0.354,3,4,2,4,2,4,2,3,1,2,1,2,3,4,78,7,1,,30,7,30,,7,7,1,,2,2,1,T,T,F,T,T,T,T,T,T
3000598,9630285,256.6,H,12226,326,150,visa,226,debit,191,87,10,,yahoo.com,,0.258,1,2,3,1,3,2,3,4,4,1,1,1,3,1,62,0,7,30,2,7,1,7,7,1,2,1,7,7,30,T,T,T,F,T,T,T,T,T
3000599,1516768,119.45,H,5535,135,150,visa,235,debit,299,87,10,,gmail.com,,0.168,4,2,2,4,3,1,3,4,3,4,1,1,1,3,-19,14,,1,1,2,14,14,30,2,7,,2,1,1,T,F,T,T,T,F,F,T,T
3000600,9329653,309.55,S,8941,541,150,mastercard,241,credit,191,87,10,,outlook.com,,0.176,4,2,4,3,1,1,2,2,1,1,1,4,3,4,87,0,,,30,2,2,1,7,14,7,1,,30,30,T,T,T,T,T,T,T,T,T
3000601,8331642,405.62,W,50001,101,150,mastercard,201,debit,204,87,10,,gmail.com,,0.502,3,2,4,1,3,3,2,2,3,2,4,2,3,4,56,1,,,,14,0,1,1,0,7,1,2,2,1,T,T,T,T,F,T,T,T,T
3000602,9047944,860.04,W,50001,101,150,mastercard,201,debit,204,87,10,,gmail.com,,0.455,2,3,1,1,4,1,3,3,3,4,1,3,1,3,81,1,30,,30,30,2,2,7,2,0,0,14,14,1,T,T,T,T,F,T,F,T,T
3000603,10240453,842.05,W,50001,101,150,discover,201,credit,204,87,10,,gmail.com,,0.523,3,4,1,4,4,2,2,2,3,4,2,1,4,1,98,7,1,,,0,30,30,,14,30,2,30,7,1,T,T,T,T,T,T,T,T,F
3000604,8560774,488.64,W,50001,101,150,discover,201,debit,204,87,10,,gmail.com,,0.568,1,1,1,1,1,3,4,1,1,2,2,4,1,2,65,2,,7,30,0,7,1,14,14,0,7,14,7,30,T,T,T,T,T,T,T,T,T
3000605,9813244,500.44,W,50002,102,150,visa,202,credit,204,87,10,,gmail.com,,0.534,4,2,2,4,2,3,4,3,1,4,2,1,2,1,95,7,14,7,14,,14,14,30,14,2,0,30,2,2,T,T,T,T,F,T,T,T,T
3000606,9767829,866.29,W,50002,102,150,visa,202,credit,204,87,10,,gmail.com,,0.53,3,4,2,3,2,1,1,4,2,2,1,1,2,3,98,,2,7,2,,,1,1,,7,30,7,7,,T,T,T,T,T,T,F,T,T
3000607,9195515,628.5,W,50002,102,150,amex,202,credit,204,87,10,,gmail.com,,0.591,1,1,2,4,4,4,2,4,2,3,4,1,4,2,101,1,,,,2,1,14,1,,30,0,0,0,14,F,F,T,F,T,T,T,T,T
3000608,9492067,639.84,W,50002,102,150,mastercard,202,debit,204,87,10,,gmail.com,,0.585,3,2,4,3,4,1,1,2,2,2,1,2,2,3,73,2,7,30,7,7,,,0,1,2,0,30,2,14,T,T,T,T,T,T,T,T,T
3000609,9301338,326.07,W,50003,103,150,discover,203,debit,204,87,10,,gmail.com,,0.564,4,1,3,2,4,4,3,3,3,3,2,1,2,2,78,2,30,14,1,2,14,14,,7,1,30,0,1,,F,T,T,T,T,T,T,T,T
3000610,9294692,678.78,W,50003,103,150,visa,203,debit,204,87,10,,gmail.com,,0.621,1,2,3,4,2,3,4,4,2,3,1,1,2,3,107,2,0,1,,0,14,0,0,,,14,30,0,2,T,T,T,T,T,F,F,T,T
3000611,9026470,570.26,W,50003,103,150,mastercard,203,debit,204,87,10,,gmail.com,,0.555,1,2,1,3,3,4,3,3,4,2,2,4,3,4,64,2,,0,7,30,2,0,1,1,,7,2,2,14,T,T,T,F,T,T,F,T,T
3000612,9887470,353.38,W,50004,104,150,visa,204,credit,204,87,10,,gmail.com,,0.621,4,4,2,1,1,1,1,4,3,3,4,1,2,3,58,7,0,7,2,0,0,2,7,2,14,7,7,14,2,T,T,F,T,T,T,T,T,T
3000613,8293148,447.87,W,50004,104,150,discover,204,credit,204,87,10,,gmail.com,,0.62,3,2,2,1,4,1,1,1,4,1,4,1,1,3,78,0,1,0,2,2,2,0,,2,2,,14,7,7,F,F,T,T,F,F,T,T,T
3000614,8669990,640.53,W,50004,104,150,mastercard,204,credit,204,87,10,,gmail.com,,0.473,4,3,2,4,1,4,4,2,1,4,2,3,4,2,76,14,7,30,30,1,1,,30,,14,,2,,14,T,F,T,T,T,F,T,F,T
3000615,8909455,894.62,W,50004,104,150,visa,204,credit,204,87,10,,gmail.com,,0.651,2,3,4,2,1,1,4,2,3,1,4,2,3,3,62,2,7,1,,14,14,30,14,7,0,0,2,30,30,T,T,T,T,T,T,T,T,T
3000616,10121783,734.58,W,50005,105,150,mastercard,205,credit,204,87,10,,gmail.com,,0.657,1,1,1,1,1,1,1,3,4,1,4,1,4,2,114,2,,2,,30,14,30,14,0,1,0,,1,0,T,T,T,T,T,T,T,T,T
3000617,10355089,811.62,W,50005,105,150,mastercard,205,credit,204,87,10,,gmail.com,,0.55,3,3,4,1,2,2,1,2,2,1,4,2,1,4,93,2,0,7,7,0,30,30,30,30,1,,0,1,1,T,T,F,T,T,T,T,T,T
3000618,9391813,560.73,W,50005,105,150,mastercard,205,credit,204,87,10,,gmail.com,,0.453,4,1,2,4,2,4,3,3,2,2,3,2,4,3,81,2,30,14,2,,1,,30,30,7,,30,30,14,T,T,T,F,T,T,T,T,T
3000619,8287298,724.52,W,50006,106,150,discover,206,debit,204,87,10,,gmail.com,,0.455,4,4,1,2,3,1,2,1,3,4,2,4,2,1,45,1,30,7,7,30,0,1,1,1,2,14,2,0,14,T,T,T,T,T,T,T,F,T
3000620,9896655,886.05,W,50006,106,150,mastercard,206,credit,204,87,10,,gmail.com,,0.629,4,1,2,4,2,3,4,4,4,1,1,2,3,3,54,,1,1,1,0,,0,14,0,2,7,1,0,30,T,T,T,T,T,T,T,F,F
3000621,8654500,323.59,W,50006,106,150,mastercard,206,debit,204,87,10,,gmail.com,,0.549,1,4,2,1,1,4,1,3,2,4,3,1,4,2,78,14,30,7,,1,30,7,2,0,1,14,30,30,2,T,T,F,T,T,T,T,T,T
3000622,9710345,726.0,W,50007,107,150,mastercard,207,debit,204,87,10,,gmail.com,,0.477,2,3,2,3,2,4,3,2,1,4,2,1,1,4,93,7,1,0,7,,,7,14,7,,14,7,30,30,T,T,F,T,F,T,T,T,T
3000623,9257853,561.54,W,50007,107,150,discover,207,credit,204,87,10,,gmail.com,,0.505,2,4,2,1,2,3,1,1,3,1,3,1,4,4,63,30,30,,1,0,2,,1,30,2,2,1,30,1,T,F,T,T,T,T,F,T,F
3000624,9975866,441.01,W,50007,107,150,amex,207,debit,204,87,10,,gmail.com,,0.643,1,1,1,3,2,3,3,4,2,4,4,2,4,1,115,0,7,2,14,14,0,1,0,2,2,,14,,14,T,T,T,T,T,T,T,T,T
3000625,9878460,520.79,W,50007,107,150,amex,207,credit,204,87,10,,gmail.com,,0.598,4,1,1,2,4,2,1,3,3,4,4,2,4,3,56,,,30,0,0,7,0,14,14,,2,14,14,7,T,T,T,T,T,F,T,T,T
3000626,10177178,657.07,W,50008,108,150,mastercard,208,debit,204,87,10,,gmail.com,,0.529,4,3,4,1,1,2,4,2,4,1,3,4,1,2,57,14,30,7,30,14,14,30,2,,1,14,2,30,30,F,T,T,T,T,T,T,T,T
3000627,9276612,330.69,W,50008,108,150,amex,208,credit,204,87,10,,gmail.com,,0.641,3,4,3,3,3,1,1,4,4,2,4,2,4,3,91,30,1,2,,7,,2,14,0,30,7,0,,30,T,T,T,T,T,T,T,T,T
3000628,10447425,722.43,W,50008,108,150,visa,208,credit,204,87,10,,gmail.com,,0.57,4,3,2,3,1,4,2,1,4,1,4,4,4,1,83,30,,1,2,30,0,30,30,0,7,14,14,1,7,T,T,T,T,T,T,T,T,T
3000629,9408253,361.41,W,60001,101,150,mastercard,201,credit,299,87,10,,anonymous.com,,0.426,2,3,3,1,3,4,2,3,1,2,2,2,2,3,86,7,0,2,7,,14,2,0,14,1,30,2,2,2,T,F,T,F,T,T,T,T,T
3000630,8476852,218.1,W,60001,101,150,visa,201,debit,299,87,10,,anonymous.com,,0.595,4,1,4,3,1,4,4,1,2,2,2,2,1,3,38,2,2,7,14,30,2,1,30,0,2,2,2,2,,T,T,T,T,T,F,T,T,T
3000631,9137328,320.55,W,60001,101,150,discover,201,debit,299,87,10,,anonymous.com,,0.508,1,2,2,4,4,2,4,1,2,2,2,1,4,3,84,30,0,7,0,7,,14,0,7,30,7,0,30,0,T,T,T,T,T,T,T,F,T
3000632,9479940,462.92,W,60002,102,150,mastercard,202,credit,299,87,10,,anonymous.com,,0.582,2,1,1,3,2,1,4,1,2,2,4,1,1,2,74,14,1,30,7,7,30,2,1,7,,0,2,2,14,T,F,T,T,T,T,T,T,T
3000633,8314155,205.57,W,60002,102,150,amex,202,debit,299,87,10,,anonymous.com,,0.532,3,4,4,1,4,1,4,3,4,2,3,3,2,3,45,1,7,14,7,30,2,7,7,14,14,2,0,7,0,T,T,T,T,T,T,T,T,T
3000634,8202185,329.88,W,60002,102,150,discover,202,credit,299,87,10,,anonymous.com,,0.521,1,4,1,1,3,2,4,1,4,1,3,4,4,1,90,1,0,30,,30,7,7,2,7,,14,,2,30,T,T,T,T,T,T,T,T,T
3000635,8761796,179.12,W,60003,103,150,visa,203,credit,299,87,10,,anonymous.com,,0.48,4,1,3,2,1,4,4,1,1,4,3,1,3,2,96,7,14,14,2,30,7,14,7,7,30,1,30,2,7,F,T,T,T,T,F,T,T,F
3000636,9144780,407.92,W,60003,103,150,mastercard,203,debit,299,87,10,,anonymous.com,,0.406,1,1,2,4,3,4,3,4,3,2,4,3,4,3,64,,,1,2,1,7,30,30,30,14,,30,2,30,F,F,T,T,T,T,T,T,T
3000637,10416023,182.52,W,60004,104,150,discover,204,credit,299,87,10,,anonymous.com,,0.58,1,4,1,3,3,4,1,4,3,1,3,3,4,1,73,2,14,14,0,14,0,1,,,2,14,7,1,2,T,T,T,T,T,T,T,T,T
3000638,8516205,417.7,W,60004,104,150,amex,204,credit,299,87,10,,anonymous.com,,0.463,4,3,2,2,1,2,3,4,1,2,1,4,2,3,38,,14,0,,0,1,1,30,,7,2,1,2,14,T,F,T,F,T,T,T,T,T
3000639,10376419,448.85,W,60005,105,150,visa,205,credit,299,87,10,,anonymous.com,,0.561,3,4,2,1,3,4,1,4,2,4,3,1,3,3,91,1,14,,1,7,7,,,7,14,14,14,30,14,T,T,T,T,T,F,T,T,T
3000640,10254433,415.47,W,60005,105,150,visa,205,credit,299,87,10,,anonymous.com,,0.593,4,2,4,3,1,2,3,4,2,1,1,2,3,3,83,2,7,14,1,7,30,,30,2,7,0,0,2,7,T,F,T,T,T,T,T,T,T
3000641,9504000,3.68,W,70001,101,150,mastercard,201,credit,330,87,10,,gmail.com,,0.4,2,4,1,4,2,3,3,4,3,4,2,1,1,2,107,0,1,14,30,0,7,14,,1,14,7,14,,,F,T,T,T,T,T,T,T,T
3000642,9504600,2.85,W,70001,101,150,mastercard,201,credit,330,87,10,,gmail.com,,0.437,4,1,3,3,4,3,2,2,3,4,1,3,2,1,64,0,30,1,,30,1,,14,14,14,,7,0,,T,T,T,F,T,T,T,T,F
3000643,9505200,8.84,W,70001,101,150,discover,201,credit,330,87,10,,gmail.com,,0.375,1,2,2,1,4,4,2,3,4,1,1,4,2,2,89,1,2,30,30,2,,,,,30,30,2,7,1,T,T,T,T,T,T,T,T,T
3000644,9505800,3.64,W,70001,101,150,amex,201,credit,330,87,10,,gmail.com,,0.418,1,3,2,3,1,2,3,3,3,3,4,2,4,4,70,0,2,0,0,7,7,14,14,,0,2,,14,7,T,T,T,T,T,T,T,T,T
3000645,9506400,5.87,W,70001,101,150,visa,201,debit,330,87,10,,gmail.com,,0.409,3,3,3,4,4,1,1,4,2,2,3,3,3,2,107,2,0,7,7,0,30,14,14,2,1,0,0,1,30,T,T,T,T,T,T,T,T,T
3000646,9507000,2.15,W,70001,101,150,amex,201,debit,330,87,10,,gmail.com,,0.395,2,4,3,2,3,4,4,1,2,4,4,2,4,1,89,7,2,14,7,30,14,2,7,30,14,30,2,2,7,T,T,F,T,T,T,F,T,T
3000647,9507600,6.51,W,70001,101,150,amex,201,debit,330,87,10,,gmail.com,,0.427,3,2,3,2,1,4,2,1,4,3,1,1,2,1,68,,2,7,2,30,2,2,1,0,,1,0,,,T,T,T,T,T,T,T,T,T
3000648,9508200,3.4,W,70001,101,150,visa,201,debit,330,87,10,,gmail.com,,0.361,2,4,2,3,1,3,1,2,1,1,3,2,3,4,52,2,14,14,0,30,0,2,,7,14,2,0,1,,T,T,T,T,T,T,T,T,T
3000649,9508800,2.63,W,70001,101,150,mastercard,201,credit,330,87,10,,gmail.com,,0.411,4,4,1,2,4,2,3,2,1,1,2,1,2,1,71,30,1,14,0,1,0,0,2,14,,2,14,0,1,T,T,T,T,T,F,T,T,T
3000650,9509400,7.48,W,70001,101,150,mastercard,201,debit,330,87,10,,gmail.com,,0.382,4,2,2,4,4,4,1,3,1,4,1,1,2,1,97,0,14,,,7,2,0,2,,,0,0,1,30,F,T,T,T,F,T,T,T,T
3000651,9510000,1.22,W,70001,101,150,discover,201,debit,330,87,10,,gmail.com,,0.449,2,1,4,2,1,4,1,2,4,1,1,1,3,4,81,0,1,,,14,14,7,,,1,0,7,7,,T,T,T,T,T,T,T,T,T
3000652,9510600,7.89,W,70001,101,150,discover,201,debit,330,87,10,,gmail.com,,0.377,3,1,4,2,2,2,2,3,2,1,4,3,4,3,110,30,14,30,14,14,1,14,30,1,1,7,2,14,30,T,T,T,F,F,T,T,F,F
3000653,9511200,6.94,W,70001,101,150,mastercard,201,debit,330,87,10,,gmail.com,,0.421,4,4,2,4,2,4,2,2,2,1,1,3,2,4,104,7,2,14,2,7,7,,2,14,7,30,7,30,2,T,F,T,F,T,T,F,T,T
3000654,9511800,3.66,W,70001,101,150,visa,201,credit,330,87,10,,gmail.com,,0.528,4,2,1,3,2,4,1,1,4,4,1,1,3,4,89,,1,7,0,0,14,14,1,7,30,30,0,,2,T,T,F,T,T,F,F,T,T
3000655,9512400,5.05,W,70001,101,150,amex,201,credit,330,87,10,,gmail.com,,0.401,3,3,3,4,4,1,1,2,1,1,1,4,2,2,56,,1,1,14,7,,14,7,2,30,1,30,0,30,T,T,T,T,T,T,T,T,T
3000656,9513000,8.54,W,70001,101,150,amex,201,debit,330,87,10,,gmail.com,,0.415,1,1,2,4,3,1,2,3,3,3,2,4,4,1,59,30,7,1,,7,14,2,30,30,14,2,30,0,2,T,T,T,T,T,T,T,F,T
3000657,9849600,7.68,W,70002,102,150,visa,202,credit,330,87,10,,gmail.com,,0.546,1,4,2,3,3,4,3,3,2,2,3,1,4,2,112,1,,1,7,2,30,14,14,7,30,0,30,30,,T,T,T,T,T,T,T,T,T
3000658,9850200,4.24,W,70002,102,150,amex,202,debit,330,87,10,,gmail.com,,0.365,2,3,3,2,2,2,4,2,4,3,4,4,1,2,79,1,7,2,7,2,30,7,30,7,0,,0,2,14,T,F,T,T,T,T,T,F,T
3000659,9850800,4.9,W,70002,102,150,mastercard,202,debit,330,87,10,,gmail.com,,0.465,4,3,3,2,3,4,2,3,2,2,4,4,3,4,109,0,0,7,14,14,0,30,1,2,1,1,2,0,1,F,T,F,T,T,T,T,T,T
3000660,9851400,4.86,W,70002,102,150,mastercard,202,credit,330,87,10,,gmail.com,,0.544,4,1,4,3,4,2,1,1,1,2,4,1,1,4,66,,1,7,14,,0,14,30,14,,30,7,30,30,F,T,T,T,T,T,T,T,T
3000661,9852000,5.75,W,70002,102,150,amex,202,credit,330,87,10,,gmail.com,,0.484,3,4,3,4,2,4,4,4,3,3,1,2,1,4,66,2,7,7,14,2,0,,,0,1,2,2,,1,T,T,T,T,T,T,T,T,T
3000662,9852600,2.0,W,70002,102,150,visa,202,credit,330,87,10,,gmail.com,,0.499,3,1,4,2,3,1,4,3,2,2,3,4,4,4,63,0,1,2,30,14,1,7,,30,14,14,0,0,30,T,T,T,T,T,T,T,T,T
3000663,9853200,4.94,W,70002,102,150,mastercard,202,credit,330,87,10,,gmail.com,,0.396,2,2,3,2,1,1,2,2,4,1,1,3,2,2,74,0,1,30,7,0,2,1,1,1,,1,30,0,30,T,T,T,T,T,T,T,T,T
3000664,9853800,6.17,W,70002,102,150,visa,202,credit,330,87,10,,gmail.com,,0.528,4,4,1,4,3,3,3,3,3,2,1,3,4,2,73,14,30,1,7,2,0,2,1,30,1,30,,7,1,T,F,T,T,T,T,T,T,T
3000665,9854400,2.77,W,70002,102,150,visa,202,credit,330,87,10,,gmail.com,,0.441,4,3,3,1,1,2,3,1,4,4,4,4,1,4,87,7,1,2,7,7,7,0,,2,,14,14,30,14,T,T,T,T,T,T,F,T,T
3000666,9855000,2.48,W,70002,102,150,discover,202,debit,330,87,10,,gmail.com,,0.379,3,3,3,1,2,3,3,3,4,3,4,3,2,1,63,0,14,7,1,0,0,1,30,,0,0,30,1,30,T,T,F,T,T,T,T,T,T
3000667,9855600,6.76,W,70002,102,150,visa,202,debit,330,87,10,,gmail.com,,0.515,1,1,3,4,4,1,4,2,2,4,3,3,4,2,75,7,14,2,14,2,30,2,0,7,7,,0,,,T,T,T,T,T,T,T,T,T
3000668,9856200,3.28,W,70002,102,150,mastercard,202,credit,330,87,10,,gmail.com,,0.5,1,3,2,1,3,4,4,3,1,2,4,3,4,4,62,14,14,,14,14,1,7,2,1,,2,2,0,14,T,T,T,T,T,T,T,T,T
3000669,9856800,2.2,W,70002,102,150,mastercard,202,credit,330,87,10,,gmail.com,,0.359,3,4,3,2,1,2,1,3,4,1,2,4,1,1,63,14,0,1,2,,2,7,14,2,7,7,0,2,14,T,T,T,T,T,T,T,T,T
3000670,9857400,4.41,W,70002,102,150,discover,202,debit,330,87,10,,gmail.com,,0.387,1,1,3,1,3,2,2,2,3,2,4,4,1,1,84,1,14,2,2,30,0,,,0,1,14,2,,,F,T,T,T,T,T,T,T,T
3000671,9858000,7.85,W,70002,102,150,visa,202,debit,330,87,10,,gmail.com,,0.369,4,3,1,3,3,1,1,2,4,4,1,4,4,1,54,0,14,0,30,2,14,1,14,,1,30,1,,,T,T,T,T,T,T,T,T,T
3000672,9858600,8.7,W,70002,102,150,amex,202,debit,330,87,10,,gmail.com,,0.394,1,2,4,1,4,4,3,3,4,2,4,3,1,4,77,0,0,30,1,7,,30,1,30,0,30,1,0,7,T,F,T,T,T,T,T,T,T
3000673,9331200,1250.0,W,80001,101,150,mastercard,201,debit,191,87,870,,hotmail.com,,0.58,2,2,1,2,3,3,4,2,1,4,2,2,1,3,107,30,2,14,7,14,30,30,14,30,14,,,0,,F,F,F,F,F,F,T,T,T
3000674,9331200,1250.0,W,80002,102,150,mastercard,202,credit,191,87,910,,hotmail.com,,0.58,1,1,4,3,1,1,3,3,4,1,1,4,1,3,56,,,14,,1,2,7,14,2,2,2,14,2,0,F,F,F,F,F,F,T,F,T
3000675,8640000,263.08,W,15000,100,150,discover,200,credit,204,87,10,,gmail.com,,0.55,2,3,1,3,2,1,3,3,4,4,4,2,3,2,98,,30,14,2,7,7,,7,14,0,14,,2,1,T,T,T,T,T,T,T,T,T
3000676,8985600,298.71,W,15000,100,150,discover,200,credit,204,87,10,,gmail.com,,0.55,1,1,4,4,2,4,4,1,2,3,2,3,4,4,102,30,0,0,7,2,7,1,,7,30,7,,30,2,T,T,T,T,F,T,T,T,T
3000677,9331200,218.67,W,15000,100,150,amex,200,credit,204,87,10,,gmail.com,,0.55,1,4,2,1,3,1,3,2,1,3,2,3,2,1,99,30,0,14,2,2,7,0,2,14,,14,1,2,30,T,T,T,T,T,T,F,T,T
